family_id,title,n_skus,sku_ids,colours_observed,leaf_path
S_399de66fc95d,"Avery Round Laser/Inkjet Multipurpose Labels, 2"" Dia., White, 120/Pack (19479371063)",6,24684902|24685430|24685464|24685319|24685221|24685186,white,Office Supplies > Labels
S_837519d4d872,"Flash Furniture HERCULES Series Fabric/Metal Folding Chair, Beige, 2/Pack (2HAMC309AFBGE)",5,24513943|24442107|24513515|24442042|24513944,beige/cream|blue|red/pink,Furniture > Chairs & Seating > Stacking & Folding Chairs
S_3b45d8ac7206,"Safavieh Zoey Cambridge 5' x 8' Rectangle Indoor Area Rug, Tufted, Wool, Light Green/Ivory (CAM121B-5)",2,1203873|1203819,green|purple,Decor > Rugs
S_df1d7ae95fa9,"Samsonite Freeform 27.95"" Hardside Suitcase, 4-Wheeled Spinner, TSA Checkpoint Friendly, White (78256-1908)",3,24535630|24535660|24535701,blue|purple|white,"Bags, Backpacks & Luggage > Luggage & Travel Accessories > Luggage & Duffel Bags > Suitcases & Luggage Sets"
S_2be45cb8b3fa,"Avery Printable Rectangle Multipurpose Labels, 3"" x 3.75"", Bright Green, 60/Pack (94248)",2,24669173|24669175,blue|green,Office Supplies > Labels
S_1da94a4f0330,"Mind Reader Memory Foam Ergonomic Back Cushion, Black (ORTHOCUSH-BLK)",2,24651195|24358229,black,Furniture > Chairs & Seating > Chair Parts & Accessories
S_12c168249d7e,"Brother Desktop Thermal Label Printer, Glossy Black/White (QL-820NWBC)",2,24560843|24560844,black,Office Supplies > Label Makers & Tapes > Label Makers
S_7964cd7cdf6f,"Avery Laser/Inkjet Rectangle Multipurpose Labels, 4.75"" x 7.75"", White, 100 Labels/Box (94255)",2,24665180|24665881,brown/wood|white,Office Supplies > Labels
S_ef73d8273745,"Avery Laser/Inkjet Rectangle Multipurpose Labels, 2"" x 5"", Bright Yellow, 40/Pack (94241)",5,24673392|24674191|24673655|24673686|24666496,clear|red/pink|yellow/orange,Office Supplies > Labels
S_264fa6aef636,"Safavieh Athens Shag 4' x 6' Rectangle Indoor Area Rug, Machine Made, Brown (SGA119A-4)",4,1270003|1269996|1269991|1269987,beige/cream|brown/wood|green|grey,Decor > Rugs
S_51bab650f622,"Samsonite Classic Leather Top Loading Briefcase, Cognac (126039-1221)",2,24440764|24440763,black|brown/wood,"Bags, Backpacks & Luggage > Briefcases & Padfolios > Briefcases"
S_f0bf6e4b7bdd,"DUKAP Intely 3-Piece Hardside Spinner Luggage Set, TSA Checkpoint Friendly, Blue (DKINTSML-BLU)",4,24474293|24474187|24474219|24474162,black|blue|grey|red/pink,"Bags, Backpacks & Luggage > Luggage & Travel Accessories > Luggage & Duffel Bags > Suitcases & Luggage Sets"
S_5012d922dc5f,"Bush Furniture Fairview 60""W L Shaped Desk with Hutch, Bookcase, Storage and File Cabinets, Shiplap Gray/Pure White (FV014G2W)",2,24468147|24358532,multi/pattern|white,Furniture > Desks > Office Desks
S_4c3994caaed0,"Avery Laser/Inkjet Rectangle Multipurpose Labels, 10"" x 7.5"", Kraft Brown, 50 Labels/Box ( 94264)",2,24666088|24665025,brown/wood|white,Office Supplies > Labels
S_6de8c7c4b75a,"Bush Business Furniture Studio C 60""W Credenza Desk, Platinum Gray (SCD360PG)",5,24424919|24501907|24501896|3082006|24274607,beige/cream|brown/wood|grey,Furniture > Desks > Office Desks
S_28cfe290fdef,"Thomasville Furniture Josephine Ergonomic Bonded Leather Swivel Manager Chair, Gray (60071-LGRY)",2,24566419|24566425,beige/cream|grey,Furniture > Chairs & Seating > Office Chairs
S_d8ddf1558a53,"Avery Laser/Inkjet Multipurpose Rectangle Labels, 4"" x 6"", Bright Green, 160/Box (94278)",5,24672128|24672332|24672438|24672456|24672073,blue|green|yellow/orange,Office Supplies > Labels
S_085725608cea,"Avery Hemp Square Laser/Inkjet Multipurpose Labels, 2-3/4"" x 2-3/4"", Off-White (240/Box)",3,24683078|24683073|24683051,red/pink,Office Supplies > Labels
S_7e1e8f4dc701,"Avery Laser/Inkjet Multipurpose Circle Labels, 1.5"" Dia., Neon Green, 1600/Box (94506)",5,24672674|24672510|24672643|24672286|24672169,blue|green|yellow/orange,Office Supplies > Labels
S_f43264302ff2,"Tape Logic Rectangle Laser Labels, 3"" x 5"", Fluorescent Pink, 400/Case (LL175PK)",2,2301009|2301007,red/pink|yellow/orange,Office Supplies > Labels
S_e1380ff3d02f,"Avery Laser/Inkjet Arched Multipurpose Labels, 4.75"" x 3.5"", Bright Pink, 160/Pack (94600)",3,24673967|24673982|24673971,red/pink|yellow/orange,Office Supplies > Labels
S_9817bc706c1f,"Avery Rectangle Laser/Inkjet Multipurpose Labels, White, 50 Labels/Sheet, 100 Sheets/Pack (19479311218)",5,24701163|24701194|24701079|24701156|24701085,brown/wood|clear|white,Office Supplies > Labels
S_c973bfff377f,"Avery Laser/Inkjet Multipurpose Circle Labels, 2"" Dia., Neon Yellow, 120/Pack (94501)",5,24672489|24672194|24672488|24672074|24672010,blue|green|yellow/orange,Office Supplies > Labels
S_cf76368ffd70,"Avery Laser/Inkjet Multipurpose Rectangle Labels, 0.75"" x 3.5"", Bright Orange, 800/Pack (94217)",2,24672769|24672778,green|yellow/orange,Office Supplies > Labels
S_a53e08d0c180,"Verilux HappyLight Luxe Light Therapy Lamp, White (VT43WW3)",2,24645201|24645199,beige/cream|white,Furniture > Lamps & Lighting > Specialty Lighting
S_824920af40d2,"Avery Laser/Inkjet Oval Multipurpose Labels, 1"" x 2"", Kraft Brown, 2400 Labels/Box ( 94053)",2,24665824|24665168,brown/wood|white,Office Supplies > Labels
S_1cd469eac640,"Regency Kee 72"" L-Desk with 42"" Return, Grey/Black",5,2494084|2494079|24195351|24195353|24195352,brown/wood|grey,Furniture > Desks > Office Desks
S_46062afb6c0f,"Flash Furniture Cindy Contemporary Metal Barstool with Vertical Back, Distressed Black (ET353430BK)",5,2108859|2108854|2108855|2108857|2108858,black|blue|brown/wood|yellow/orange,Furniture > Chairs & Seating > Stools & Ottomans > Counter & Bar Stools
S_488c241ea404,"Avery Laser/Inkjet Rectangle Multipurpose Labels, 1"" x 1.5"", Kraft Brown, 800 Labels/Pack ( 94219)",3,24665845|24648237|24665006,brown/wood|white,Office Supplies > Labels
S_a73c0fb47942,"Offices To Go Superior 144"" Conference Table, American Espresso (TDSL14448RECSAEL)",4,24443083|24443082|24443081|24443023,brown/wood|grey,Furniture > Desks > Office Desks
S_ee06a340171f,"Avery Printable Rectangle Multipurpose Labels, 1-1/3"" x 4"", Bright Blue, 560/Pack (94206)",2,24668544|24668574,blue|green,Office Supplies > Labels
S_91df25ab6209,"Winsome Wood Ladder Back Chair, Light Oak, 2/Set (34232)",2,55533|55801,brown/wood,Furniture > Chairs & Seating > Breakroom & Dining Chairs
S_eec53036978b,"16"" x 24"" Layflat Poly Bags, 3 Mil, Clear, 500/Carton (PB915)",2,939724|24449502,clear,"Shipping, Packing & Mailing Supplies > Shipping Supplies > Poly Bags & Tubing > Poly Bags"
S_6600e4e1e4e1,"Avery Printable Decorative Edge Multipurpose Labels, 2-1/2"" x 2-57/64"", Bright Blue, 60/Pack (94121)",2,24668580|24668507,blue|green,Office Supplies > Labels
S_66d1e85926d5,"Avery Laser/Inkjet Heart Multipurpose Labels, 2-9/32"" x 1-27/32"", Neon Magenta, 960/Box (94603)",2,24673958|24673913,red/pink,Office Supplies > Labels
S_ae418a058449,"Pre-Strung Shipping Tags, 4 3/4"" x 2 3/8"", Pink, 1000/Case (G11052J)",5,948366|948504|948507|948506|948505,green|red/pink|yellow/orange,"Shipping, Packing & Mailing Supplies > Shipping Supplies > Package Identification & Indicators > Shipping Tags & Seals"
S_cfd1ebf4237b,"Avery Laser/Inkjet Multipurpose Rectangle Labels, 0.75"" x 3.5"", Neon Green, 1600/Box (94217)",2,24672684|24672742,green|yellow/orange,Office Supplies > Labels
S_eb0c64837f72,"Karla Hanson Pack n Fold Travel Backpack, Large, Blue (50708BLUE)",2,24644686|24644687,blue|red/pink,"Bags, Backpacks & Luggage > Backpacks & Laptop Bags > Backpacks"
S_ea2efe8e2536,"Avery Laser/Inkjet Multipurpose Rectangle Labels, 2"" x 5"", Neon Green, 320/Box (94241)",2,24672681|24672700,green|yellow/orange,Office Supplies > Labels
S_72a78220d5b5,"InUSA Trend 24"" Hardside Suitcase, 4-Wheeled Spinner, TSA Checkpoint Friendly, Rose Gold (IUTRE00M-ROS)",6,24483737|24483766|24483741|24585497|24483773|24647465,beige/cream|black|blue|metallic|white|yellow/orange,"Bags, Backpacks & Luggage > Luggage & Travel Accessories > Luggage & Duffel Bags > Suitcases & Luggage Sets"
S_71e2520dc819,"6"" x 6"" Self-Sealing Fiberboard Mailer, White, 200/Carton (RM9SS)",3,447176|447179|424846,brown/wood|white,"Shipping, Packing & Mailing Supplies > Mailing Supplies > Mailers"
S_c61e44b4a9ad,"Bush Home Somerset 60""W L Shaped Office Desk with Storage, Platinum Gray (WC81230K)",3,24457568|24457610|24391080,grey,Furniture > Desks > Office Desks
S_b8c029eddf6d,Flash Furniture 24'' Round Table Set W/4 Ladder Back Bar Stools (RSRB1038),4,257908|257910|257903|257904,brown/wood|red/pink,Furniture > Chairs & Seating > Stools & Ottomans > Counter & Bar Stools
S_7e2f0e543088,"6"" x 8"" Reclosable Poly Bag, 2 Mil, Clear, 1000/Carton (PB3965)",2,426717|427327,clear,"Shipping, Packing & Mailing Supplies > Shipping Supplies > Poly Bags & Tubing > Poly Bags"
S_2212c9e73f79,"Auge Light LED Table Lamp, Gray (AGDSLGY2202)",5,24612490|24612491|24612488|24612484|24612483,green|grey|red/pink|white|yellow/orange,Furniture > Lamps & Lighting > Outdoor Lighting
S_90be105eed62,"Avery Laser/Inkjet Round Multipurpose Labels, 1.75"" Dia., Neon Yellow, 1600/Box (94509)",4,24674160|24673377|24673376|24674170,red/pink|yellow/orange,Office Supplies > Labels
S_b6254b9b4633,"Avery Laser/Inkjet Oval Multipurpose Labels, 4"" x 6"", Kraft Brown, 30 Labels/Pack ( 94057)",2,24666014|24665114,brown/wood|white,Office Supplies > Labels
S_b30107826c22,"Avery Laser/Inkjet Rectangle Multipurpose Labels, 2"" x 3"", Matte White, 400 Labels/Box (94237)",2,24626538|24626452,white,Office Supplies > Labels
S_74d343b03f5c,"Offices To Go Superior Laminate 71"" Conference Table Desk, Autumn Walnut (SL7142RECS-AWL)",2,24443077|24443078,brown/wood,Furniture > Desks > Office Desks
S_915439d5851c,"Avery Laser/Inkjet Rectangle Multipurpose Labels, 1.5"" x 7.5"", Bright Pink, 100/Pack (94231)",4,24673689|24674064|24673757|24673517,red/pink|yellow/orange,Office Supplies > Labels
S_2085848bd547,"Delsey Cruise 3.0 Vegan Leather Tote Bag, Deep Sea Navy (40287934022)",2,24678982|24678981,blue|grey,"Bags, Backpacks & Luggage > Briefcases & Padfolios > Totes & Handbags"
S_eecd32ea3bb9,"Avery Laser/Inkjet Rectangle Multipurpose Labels, .75"" x 3.5"", White, 1000 Labels/Box (94217)",2,24665156|24666057,brown/wood|white,Office Supplies > Labels
S_8679558fc77b,"Avery Laser/Inkjet Multipurpose Labels, White, 4 Labels/Sheet, 10 Sheets/Pack (94252)",4,24656421|24656482|24656425|24656448,white,Office Supplies > Labels
S_7d6687e7925e,"SaharaCase HybridFlex Arts Laptop Case for MacBook Pro 16-Inch (2021–2026, M1–M5 Pro/Max), Black Rose (LT00039)",3,24587821|24587832|24587864,blue|clear|red/pink,"Bags, Backpacks & Luggage > Backpacks & Laptop Bags > Laptop Sleeves & Cases"
S_fadca4eb9b6f,"SaharaCase Venture Series Matte Finish Hard Shell Case for 13"" MacBook Neo, Yellow, (LT00132)",2,24699390|24699391,white|yellow/orange,"Bags, Backpacks & Luggage > Backpacks & Laptop Bags > Laptop Sleeves & Cases"
S_7001c1242753,"Avery Printable Oval Multipurpose Labels, 4.25"" x 2.5"", Bright Blue, 240/Pack (94058)",2,24668608|24668571,blue|green,Office Supplies > Labels
S_89379971b6d4,"Flash Furniture Kai Industrial Metal Barstool without Back, Orange (CH3132030OR)",6,1983287|1983288|2108819|2108814|1983289|2108821,black|blue|metallic|white|yellow/orange,Furniture > Chairs & Seating > Stools & Ottomans > Counter & Bar Stools
S_3e4d64204eaa,"Flash Furniture Madrid Series Retro Barstool, Gold (CH181220GD)",2,24513886|24513890,black|metallic,Furniture > Chairs & Seating > Stools & Ottomans > Counter & Bar Stools
S_53dcef495008,"Flash Furniture Contemporary Vinyl Cut Out Back Bar Stool, Adjustable Height, Black (CH122070BK)",2,2547684|2547679,black|grey,Furniture > Chairs & Seating > Stools & Ottomans > Counter & Bar Stools
S_dd112a2c27ac,"Thermos Intak Plastic Water Bottle, 24 oz., Blue (HP4100TLTRI6)",2,859375|859372,blue|purple,"Coffee, Water & Snacks > Water & Beverages > Water Bottles, Tumblers & Travel Mugs"
S_ec75f0c45fac,"NPS 6200 Series Armless Steel Industrial/Shop Stool, Gray (6230)",2,24477107|24477106,grey,Furniture > Chairs & Seating > Stools & Ottomans > Drafting Chairs & Office Stools
S_6cc0482ae834,"Avery Rectangle Multipurpose Labels, 5"" x 8-1/8"", Neon Green, 160/Box (94259)",3,24669499|24669504|24669488,green|yellow/orange,Office Supplies > Labels
S_5b0f81fff1e1,"SI Products Shipping Tags, #5, 4.75"" x 2.375"", Fluorescent Orange, 1000/Carton (G12051D)",4,496246|496247|496245|496243,red/pink|yellow/orange,"Shipping, Packing & Mailing Supplies > Shipping Supplies > Package Identification & Indicators > Shipping Tags & Seals"
S_1bff98d51324,"Tape Logic ""9"" Round Identification & Color Coding Labels, 1"" Dia, Dark Blue (DL6777)",2,191868|191872,blue,Office Supplies > Labels
S_8cfbde5141f8,"Samsonite Silhouette 18 27"" Hardside Checked Luggage with Spinner Wheels, Black (153644-1041)",4,24629782|24629779|24629780|24629793,black|blue|grey,"Bags, Backpacks & Luggage > Luggage & Travel Accessories > Luggage & Duffel Bags > Suitcases & Luggage Sets"
S_7f50a7918186,"Avery Laser/Inkjet Sealing Labels, 5-1/8"" x 4"", Neon Green, 240 Labels/Box (19479370735)",7,24779030|24779047|24779041|24779062|24778982|24779081|24779009,green|red/pink|yellow/orange,Office Supplies > Labels
S_7b9c6b7c76f2,"2026-2027 Blue Sky Day Designer 8"" x 11"" Academic Year Weekly & Monthly Planner, Plastic Cover, Dashwood Navy (158173)",2,24676666|24676670,blue,Office Supplies > Calendars & Planners > Planners & Personal Organizers
S_439380441e6a,"Avery Square Laser/Inkjet Multipurpose Labels, 2"" x 2"", White, 120/Pack (19479370830)",28,24685275|24685371|24685410|24685341|24684909|24685120|24685291|24685447|24684906|24685272|24685198|24685035|24685234|24685082|24685190|24685397|24685119|24685307|24685267|24685313|24685091|24685166|24685013|24685434|24685256|24685157|24684981|24685373,white,Office Supplies > Labels
S_745327096e6d,"Avery Laser/Inkjet Multipurpose Square Labels, 0.75"" x 0.75"", Bright Blue, 6400/Box (94102)",4,24672006|24672570|24672340|24672597,blue|green|yellow/orange,Office Supplies > Labels
S_690b7390b6df,"Avery Laser/Inkjet Round Multipurpose Labels, Clear, 20 Labels/Sheet, 100 Sheets/Pack (94506)",3,24656375|24656398|24656446,clear|white,Office Supplies > Labels
S_b401fb8b845d,"Avery Printable Decorative Edge Multipurpose Labels, 4.75"" x 3.5"", Bright Green, 40/Pack (94600)",2,24668631|24668471,blue|green,Office Supplies > Labels
S_8c23bb3fdf2a,"Bush Home Salinas 60W L Shaped Desk with Storage, Vintage Black (SAD160VB-03)",7,24357057|24463026|24387063|24462987|24462994|24140531|24462985,beige/cream|black|brown/wood|grey|white,Furniture > Desks > Office Desks
S_8ecb7934ebf0,"InUSA Royal 2-Piece Hardside Spinner Luggage Set, TSA Checkpoint Friendly, Silver (IUROY0SM-SIL)",4,24616971|24616970|24647476|24647477,black|brown/wood|grey|yellow/orange,"Bags, Backpacks & Luggage > Luggage & Travel Accessories > Luggage & Duffel Bags > Suitcases & Luggage Sets"
S_c9640df15ec3,"Bush Business Furniture Stratus 60""W Electric L-Shaped Adjustable Standing Desk with File Cabinet, White (SUT015WH)",3,24649039|24649037|24649038,brown/wood|grey|white,Furniture > Desks > Sit & Stand Desks
S_3772b32f58fe,"Avery Laser/Inkjet Rectangle Multipurpose Labels, 3-1/4"" x 8-3/8"", White, 300 Labels/Box (94251)",2,24664931|24666072,brown/wood|white,Office Supplies > Labels
S_61de7db2f19e,"HON Mod 66""W Credenza Shell, Traditional Mahogany (HLPLCS6624.LTM1)",4,24484557|24484750|24484757|24484863,brown/wood,Furniture > Desks > Office Desks
S_babe208a9b61,"Safco Medina™ Left Hand Return w/Ped, Mocha, 29 1/2""H x 63""W x 24""D",2,1961286|1961269,brown/wood|grey,Furniture > Desks > Desk Components & Hutches > Desk Components
S_f99e369e7db1,"Avery Laser/Inkjet Decorative Edge Multipurpose Labels, 1-1/8"" x 2-1/4"", White, 1050 Labels/Box (94061)",2,24665024|24665839,brown/wood|white,Office Supplies > Labels
S_4d43d850ba6d,"Avery Laser/Inkjet Round Multipurpose Labels, 0.5"" Dia., Bright Pink, 3080/Pack (94503)",3,24673493|24673549|24674126,red/pink|yellow/orange,Office Supplies > Labels
S_87333a0f046a,"Avery Laser/Inkjet Rectangle Multipurpose Labels, 5/8"" x 3"", Kraft Brown, 480 Labels/Pack ( 94214)",2,24665954|24665007,brown/wood|white,Office Supplies > Labels
S_fa8ea85a27c3,"Avery Laser/Inkjet Rectangle Multipurpose Labels, 5"" x 3.5"", Bright Pink, 40/Pack (94256)",3,24673336|24673497|24673339,red/pink|yellow/orange,Office Supplies > Labels
S_0875d0ea9e4a,"Safco Medina™ Left Hand Curved Desk Extension, Gray Steel, 29 1/2""H x 47""W x 28""D",2,1961258|1961255,brown/wood|grey,Furniture > Desks > Desk Components & Hutches > Desk Components
S_0772417a98ab,"InUSA Vasty 32"" Hardside Suitcase, 4-Wheeled Spinner, TSA Checkpoint Friendly, Black (IUVAS00XL-BLK)",4,24697909|24697912|24697910|24697911,black|grey|red/pink,"Bags, Backpacks & Luggage > Luggage & Travel Accessories > Luggage & Duffel Bags > Suitcases & Luggage Sets"
S_684ad3c9828d,"Avery Laser/Inkjet Rectangle Multipurpose Labels, 3-1/3"" x 4"", Bright Pink, 60/Pack (94215)",3,24673683|24673573|24673702,red/pink|yellow/orange,Office Supplies > Labels
S_015417ae57de,"Vangoddy Grove Laptop Backpack, Medium, Orange (NBKLEA593)",2,2435259|2435260,grey,"Bags, Backpacks & Luggage > Backpacks & Laptop Bags > Backpacks"
S_6738e2b3ac7e,"Solo New York Re:cycled Re:focus 15.6"" Polyester Laptop Sleeve, Gray (UBN105-10)",2,24460639|24542554,grey|navy,"Bags, Backpacks & Luggage > Backpacks & Laptop Bags > Laptop Sleeves & Cases"
S_121cd6934c1b,"Avery Laser/Inkjet Rectangle Multipurpose Labels, 1.25"" x 1.75"", Neon Magenta, 2560/Box (94226)",3,24674205|24673830|24673869,red/pink|yellow/orange,Office Supplies > Labels
S_5d8f7360daa0,"Regency Knight Mesh Guest Chair, Black, 12/Pack (5675BK12PK)",2,24688160|24688157,black,Furniture > Chairs & Seating > Accent & Waiting Room Chairs
S_68cb47d6e456,"Bush Furniture Somerset 72""W L-Shaped Desk with Hutch, Lateral File Cabinet and Bookcase, Platinum Gray (SET012PG)",2,24457579|24457580,grey,Furniture > Desks > Office Desks
S_17e97aaac176,"Avery Laser/Inkjet Rectangle Multipurpose Labels, 5"" x 7"", White, 50 Labels/Pack (94258)",2,24665050|24666028,brown/wood|white,Office Supplies > Labels
S_5cc0aa6c1d8f,"Avery Laser/Inkjet Multipurpose Labels, 1.625"" x "", Glossy Clear, 500/Pack (94110)",2,24662834|24663075,clear|white,Office Supplies > Labels
S_71d7111044c1,"Avery Laser/Inkjet Decorative Edge Multipurpose Labels, 2"" x 3"", White, 400 Labels/Box (94060)",4,24665023|24664937|24665929|24648266,brown/wood|white,Office Supplies > Labels
S_0c9a34585aa5,"HON Mod 72""W Desk Shell, Java Oak (HLPLDS7230.LJA1)",3,24484845|24484563|24484840,brown/wood,Furniture > Desks > Office Desks
S_5424168c31f2,"Avery Laser/Inkjet Multipurpose Rectangle Labels, 4.75"" x 3.75"", Bright Orange, 40/Pack (94254)",3,24672582|24672690|24672106,blue|green|yellow/orange,Office Supplies > Labels
S_04a9a0f4ccb3,"Avery Laser/Inkjet Sealing Labels, 5-7/8"" x 4"", Pearlized Ivory, 75 Labels/Pack (19479370777)",6,24779003|24779004|24779027|24779035|24778983|24779070,clear|white,Office Supplies > Labels
S_f0ab2cce2952,"14"" x 24"" Layflat Poly Bags, 3 Mil, Clear, 500/Carton (PB882)",2,939717|24449504,clear,"Shipping, Packing & Mailing Supplies > Shipping Supplies > Poly Bags & Tubing > Poly Bags"
S_971ae7948aee,"Mount-It! Dual Motor 55""W Electric Rectangular Adjustable Standing Desk, Oak/White (MI-18098)",7,24697444|24697439|24697446|24697441|24697440|24697442|24697443,beige/cream|brown/wood|multi/pattern|white,Furniture > Desks > Sit & Stand Desks
S_8d8880859c4b,"Avery Laser/Inkjet Multipurpose Rectangle Labels, 9.75"" x 1.25"", Bright Green, 100/Pack (94262)",2,24672897|24672888,green,Office Supplies > Labels
S_c688a7eb0cd3,"Avery Laser/Inkjet Square Multipurpose Labels, 2-1/8"" x 2-1/8"", Bright Pink, 240/Pack (94105)",2,24674001|24673975,red/pink|yellow/orange,Office Supplies > Labels
S_fbcf31756e5c,"Avery Laser/Inkjet Square Multipurpose Labels, 1"" x 1"", Bright Yellow, 1920/Pack (94103)",3,24673473|24673516|24674070,red/pink|yellow/orange,Office Supplies > Labels
