family_id,node_id,l2_key,vw,aas,a_sem_pct,a_ctx,s_max_p,fi,n_fi,crs,ppr,ad,n_peers,d_dfi,material_upgrade,nearest_staples,identical,identical_staples,label,label_group,data_error,archetype_id,title,price,st_family_id,st_title,st_price
W_W119611048,Furniture > Chairs & Seating > Office Chairs > Computer and Desk,Furniture > Chairs & Seating,0.05090311986863716,38.90887290167866,0.38069544364508395,0.40167865707434053,0.7971746325492859,0.4,5,63.830482482910156,0.705104621752127,0.0,11,0.007891770011273955,False,S_2aeeb0e0f6f0,True,S_8549b5b0a241,EXCLUDE,Reject,False,Furniture > Chairs & Seating > Office Chairs > Computer and Desk :: price_band=$150–$250,"Office Chair, Adjustable Height, Swivel, Ergonomic, Armrests, Computer Desk, Work Mesh Metal",183.99,S_8549b5b0a241,"FlexiSpot Ergonomic Mesh Swivel Computer and Desk Chair, Black (C3B-FM)",159.99
W_W120826258,Furniture > Chairs & Seating > Office Chairs > Executive,Furniture > Chairs & Seating,0.6812519961673587,23.776978417266186,0.06294964028776978,0.5,0.650397002696991,1.0,4,79.0238265991211,0.9451202780572578,0.0,15,0.012965050732807223,False,S_7383de31b328,True,S_7383de31b328,EXCLUDE,Reject,True,Furniture > Chairs & Seating > Office Chairs > Executive :: price_band=$300–$400 · colour_tone=mid-neutral,Gray Fabric & Blue Finish Office Chair,309.99,S_7383de31b328,"Offices To Go Multi-Function Fabric Task Chair, Graphite Gray (OTG11710-QL11)",327.99
W_W007655552,Furniture > Chairs & Seating > Office Chairs > Executive,Furniture > Chairs & Seating,0.6812519961673587,31.07913669064748,0.18465227817745802,0.5,0.7269226312637329,0.75,4,73.6153564453125,3.3713252700899585,0.0,3,-0.006905298759864703,False,S_2c2317aea3ca,True,S_d2e15bbd9659,EXCLUDE,Reject,False,Furniture > Chairs & Seating > Office Chairs > Executive :: price_band=$400+ · colour_tone=dark-neutral,Steelcase Gesture Executive Leather Chair,2349.78,S_d2e15bbd9659,"Global Leather Executive Chair, Black (2424-18BK-PD03)",2682.49
W_LTDR5547,Furniture > Chairs & Seating > Office Chairs > Task,Furniture > Chairs & Seating,0.40690920207887493,53.30935251798561,0.22182254196642687,1.0,0.7186765074729919,0.25,4,53.1205940246582,0.8998464167513898,0.5,15,0.02635287485907553,False,S_455b19250360,True,S_55239a21f59f,EXCLUDE,Reject,False,Furniture > Chairs & Seating > Office Chairs > Task :: price_band=$400+,Office Star Products Mesh Task Chair,415.99,S_55239a21f59f,"Offices To Go Mesh Fabric Task Chair, Black (OTG2801)",363.59
W_W004337421,Furniture > Chairs & Seating > Office Chairs > Task,Furniture > Chairs & Seating,0.0,48.63309352517985,0.47721822541966424,0.5,0.7894461750984192,0.6666666666666666,6,74.03343963623047,0.9651154678015768,0.25,15,-0.0015501691093573844,False,S_440780e90eb1,True,S_8f528776bc4a,EXCLUDE,Reject,False,Furniture > Chairs & Seating > Office Chairs > Task :: price_band=$400+ · colour_tone=dark-neutral · style_family=gaming,Inbox Zero Vinyl Task Chair,414.99,S_8f528776bc4a,"Boss Office Products Mesh/Vinyl Swivel Task Chair, Black (B6044AM-BK)",361.99
W_BDJI1002,Furniture > Chairs & Seating > Office Chairs > Task,Furniture > Chairs & Seating,0.40690920207887493,51.36690647482014,0.5227817745803357,0.5,0.8145632743835449,0.6,5,72.87379455566406,0.5737662882584675,0.5,15,0.16262683201803835,True,S_ef1c84b485d2,True,S_7d00498f03c9,EXCLUDE,Reject,False,Furniture > Chairs & Seating > Office Chairs > Task :: price_band=$150–$250 · colour_tone=light-neutral,OSP Home Furnishings Task Chair,246.14,S_7d00498f03c9,"Gry Mattr Capsule Ergonomic Faux Leather Swivel Task Chair, White (GMCC-00852)",258.49
W_W002647624,Furniture > Chairs & Seating > Office Chairs > Task,Furniture > Chairs & Seating,0.6726290921363483,64.35251798561151,0.4058752997601918,1.0,0.7773787975311279,0.8,5,78.6427230834961,0.35220067995956994,0.0,6,0.01972942502818489,False,S_1d4fb4073b0a,True,S_926af627d541,EXCLUDE,Reject,False,Furniture > Chairs & Seating > Office Chairs > Task :: price_band=under $150,Inbox Zero Task Chair,114.99,S_926af627d541,"Staples Ergonomic Task Chair, Mesh, Ergonomic, Adjustable Height, Swivel",119.99
W_W111710041,Furniture > Chairs & Seating > Office Chairs > Task,Furniture > Chairs & Seating,0.6726290921363483,53.30935251798561,0.22182254196642687,1.0,0.7186761498451233,0.5,4,63.120574951171875,0.9733933245365463,0.0,15,0.07328072153325818,False,S_9f234d901ed2,True,S_113a8a54f2ab,EXCLUDE,Reject,False,Furniture > Chairs & Seating > Office Chairs > Task :: price_band=$400+,Latitude Run® Fabric Office Chair,449.99,S_113a8a54f2ab,"Offices To Go Fabric Task Chair, Patterned Black (OTG11612B)",419.14
W_W004037655,Furniture > Chairs & Seating > Office Chairs > Task,Furniture > Chairs & Seating,0.0018008747105736633,57.48201438848921,0.29136690647482016,1.0,0.7554463744163513,1.0,4,85.3267822265625,0.23792424668498127,0.25,15,0.0749718151071026,True,S_55ed3b58b110,True,S_3065685fe5f2,EXCLUDE,Reject,False,Furniture > Chairs & Seating > Office Chairs > Task :: price_band=under $150 · colour_tone=mid-neutral,Latitude Run® Task Chair,109.99,S_3065685fe5f2,"Staples Ergonomic Task Chair, Mesh, Gray",119.99
W_BLOI3775,Furniture > Chairs & Seating > Office Chairs > Task,Furniture > Chairs & Seating,0.0,79.7841726618705,0.6630695443645084,1.0,0.8014910221099854,0.6666666666666666,6,74.75613403320312,0.7906928068094606,0.0,15,0.02480270574971815,False,S_2a41e8e1b8bc,True,S_55239a21f59f,EXCLUDE,Reject,False,Furniture > Chairs & Seating > Office Chairs > Task :: price_band=$250–$400 · colour_tone=dark-neutral · style_family=contemporary,Symple Stuff Emma Mesh Task Chair,339.99,S_55239a21f59f,"Offices To Go Mesh Fabric Task Chair, Black (OTG2801)",363.59
W_W114889915,Furniture > Chairs & Seating > Office Chairs > Task,Furniture > Chairs & Seating,0.0,60.68345323741008,0.3447242206235012,1.0,0.7644113898277283,0.8,5,77.86468505859375,0.7353686732220953,0.0,15,0.009582863585118378,False,S_1d4fb4073b0a,True,S_1d4fb4073b0a,EXCLUDE,Reject,False,Furniture > Chairs & Seating > Office Chairs > Task :: price_band=$250–$400 · colour_tone=dark-neutral · style_family=contemporary,"Ergonomic Black Mesh Office Chair with Adjustable Height, Swivel, and Headrest for Ultimate Comfort and Support.",263.99,S_1d4fb4073b0a,"Boss Office Products Ergonomic Mesh Swivel Task Chair, Black/Grey (B6566GY-BK)",293.99
W_W116325285,Furniture > Chairs & Seating > Stools & Ottomans > Drafting Chairs & Office Stools,Furniture > Chairs & Seating,0.7593360995850622,41.94244604316547,0.3657074340527578,0.5,0.8003539443016052,0.6,5,72.021240234375,0.38459960511807995,0.0,9,0.06722096956031565,False,S_180140036c6a,True,S_a5d99bcee8ba,EXCLUDE,Reject,False,Furniture > Chairs & Seating > Stools & Ottomans > Drafting Chairs & Office Stools :: price_band=under $175,Mesh Drafting Chair,149.99,S_a5d99bcee8ba,"Staples Drafting Stool, Mesh, Ergonomic, Adjustable Height, Swivel, Black",147.99
W_W002798434,Furniture > Chairs & Seating > Stools & Ottomans > Drafting Chairs & Office Stools,Furniture > Chairs & Seating,0.0,59.42446043165468,0.3237410071942446,1.0,0.8116293549537659,1.0,4,88.69776916503906,0.7115421400971729,0.0,9,-0.00817361894024804,False,S_58f76fc11b2c,True,S_d24a15f2259d,EXCLUDE,Reject,False,Furniture > Chairs & Seating > Stools & Ottomans > Drafting Chairs & Office Stools :: price_band=$175–$250,Office Star Products Drafting Chair,185.99,S_d24a15f2259d,"Workplace 2.0 Drafting Stool, Mesh, Ergonomic, Lumbar Support, Adjustable Height, Black",199.99
W_GCWN7900,Furniture > Desks > Sit & Stand Desks,Furniture > Desks,0.0,70.0751879699248,0.8345864661654135,0.5,0.7940018177032471,1.0,6,87.6401138305664,1.4112969564025226,0.0,15,0.12651296829971181,False,S_8a17002eda1e,True,S_e18535ac1a18,EXCLUDE,Reject,False,Furniture > Desks > Sit & Stand Desks :: price_band=$600+ · colour_tone=dark-neutral,eFloat Go 2.0 Height Adjustable Standing Desk,874.99,S_e18535ac1a18,"Humanscale eFloat Go 2.0 48""W Electric Rectangular Adjustable Standing Desk, Black (FYH12TS2448BL)",973.69
W_W006115867,Furniture > Desks > Sit & Stand Desks,Furniture > Desks,0.0,66.07142857142858,0.7678571428571429,0.5,0.7917424440383911,0.6666666666666666,6,74.17121887207031,0.41303071805908825,0.0,15,0.21959654178674354,False,S_5ff174e5ee4e,True,S_d77a8ae52c06,EXCLUDE,Reject,False,Furniture > Desks > Sit & Stand Desks :: price_band=$175–$300 · colour_tone=dark-neutral,Height Adjustable Standing Desk,189.99,S_d77a8ae52c06,"Uncaged Ergonomics Electric CHANGEdesk Adjustable Height Standing Desk Conversion, Black (CDE)",191.79
