node_id,leaf_path,l2_key,split_key,split_value,n_staples,n_competitor,status,l2_config
Appliances & Kitchenware > Kitchenware > Dining & Tableware > Drinkware & Glassware,Appliances & Kitchenware > Kitchenware > Dining & Tableware > Drinkware & Glassware,Appliances & Kitchenware > Kitchenware,,,15,0,staples_only,False
Arts & Crafts > Crafting > Art Portfolios & Craft Storage,Arts & Crafts > Crafting > Art Portfolios & Craft Storage,Arts & Crafts > Crafting,,,59,0,staples_only,False
"Bags, Backpacks & Luggage > Backpacks & Laptop Bags > Backpacks","Bags, Backpacks & Luggage > Backpacks & Laptop Bags > Backpacks","Bags, Backpacks & Luggage > Backpacks & Laptop Bags",,,384,0,staples_only,False
"Bags, Backpacks & Luggage > Backpacks & Laptop Bags > Laptop Bags","Bags, Backpacks & Luggage > Backpacks & Laptop Bags > Laptop Bags","Bags, Backpacks & Luggage > Backpacks & Laptop Bags",,,53,0,staples_only,False
"Bags, Backpacks & Luggage > Backpacks & Laptop Bags > Laptop Sleeves & Cases","Bags, Backpacks & Luggage > Backpacks & Laptop Bags > Laptop Sleeves & Cases","Bags, Backpacks & Luggage > Backpacks & Laptop Bags",,,166,0,staples_only,False
"Bags, Backpacks & Luggage > Backpacks & Laptop Bags > Messenger Bags","Bags, Backpacks & Luggage > Backpacks & Laptop Bags > Messenger Bags","Bags, Backpacks & Luggage > Backpacks & Laptop Bags",,,63,0,staples_only,False
"Bags, Backpacks & Luggage > Briefcases & Padfolios > Briefcases","Bags, Backpacks & Luggage > Briefcases & Padfolios > Briefcases","Bags, Backpacks & Luggage > Briefcases & Padfolios",,,133,0,staples_only,False
"Bags, Backpacks & Luggage > Briefcases & Padfolios > Totes & Handbags","Bags, Backpacks & Luggage > Briefcases & Padfolios > Totes & Handbags","Bags, Backpacks & Luggage > Briefcases & Padfolios",,,117,0,staples_only,False
"Bags, Backpacks & Luggage > Luggage & Travel Accessories > Luggage & Duffel Bags > Sport & Duffel Bags","Bags, Backpacks & Luggage > Luggage & Travel Accessories > Luggage & Duffel Bags > Sport & Duffel Bags","Bags, Backpacks & Luggage > Luggage & Travel Accessories",,,79,0,staples_only,False
"Bags, Backpacks & Luggage > Luggage & Travel Accessories > Luggage & Duffel Bags > Suitcases & Luggage Sets","Bags, Backpacks & Luggage > Luggage & Travel Accessories > Luggage & Duffel Bags > Suitcases & Luggage Sets","Bags, Backpacks & Luggage > Luggage & Travel Accessories",,,447,0,staples_only,False
"Bags, Backpacks & Luggage > Totes & Handbags > Lunch Bags & Boxes","Bags, Backpacks & Luggage > Totes & Handbags > Lunch Bags & Boxes","Bags, Backpacks & Luggage > Totes & Handbags",,,319,0,staples_only,False
"Coffee, Water & Snacks > Breakroom Appliances > Drink Makers","Coffee, Water & Snacks > Breakroom Appliances > Drink Makers","Coffee, Water & Snacks > Breakroom Appliances",,,6,0,staples_only,False
"Coffee, Water & Snacks > Water & Beverages > Water Bottles, Tumblers & Travel Mugs","Coffee, Water & Snacks > Water & Beverages > Water Bottles, Tumblers & Travel Mugs","Coffee, Water & Snacks > Water & Beverages",,,347,0,staples_only,False
Computers & Accessories > Computer Accessories & Peripherals > Webcams,Computers & Accessories > Computer Accessories & Peripherals > Webcams,Computers & Accessories > Computer Accessories & Peripherals,,,91,0,staples_only,False
Decor > Rugs,Decor > Rugs,Decor > Rugs,,,495,0,staples_only,False
Fitness > Fitness Equipment > Fitness Machines > Fitness Machines,Fitness > Fitness Equipment > Fitness Machines > Fitness Machines,Fitness > Fitness Equipment,,,36,0,staples_only,False
Furniture > Chairs & Seating > Accent & Waiting Room Chairs,Furniture > Chairs & Seating > Accent & Waiting Room Chairs,Furniture > Chairs & Seating,,,114,1064,scored,True
Furniture > Chairs & Seating > Big and Tall Chairs,Furniture > Chairs & Seating > Big and Tall Chairs,Furniture > Chairs & Seating,,,25,6,thin,True
Furniture > Chairs & Seating > Breakroom & Dining Chairs,Furniture > Chairs & Seating > Breakroom & Dining Chairs,Furniture > Chairs & Seating,,,31,739,scored,True
Furniture > Chairs & Seating > Chair Parts & Accessories,Furniture > Chairs & Seating > Chair Parts & Accessories,Furniture > Chairs & Seating,,,122,0,staples_only,True
Furniture > Chairs & Seating > Gaming Chairs,Furniture > Chairs & Seating > Gaming Chairs,Furniture > Chairs & Seating,,,22,57,thin,True
Furniture > Chairs & Seating > Kids Seating,Furniture > Chairs & Seating > Kids Seating,Furniture > Chairs & Seating,,,72,138,scored,True
Furniture > Chairs & Seating > Office Chairs > Computer and Desk,Furniture > Chairs & Seating > Office Chairs,Furniture > Chairs & Seating,Chair Type,Computer and Desk,80,289,scored,True
Furniture > Chairs & Seating > Office Chairs > Executive,Furniture > Chairs & Seating > Office Chairs,Furniture > Chairs & Seating,Chair Type,Executive,188,499,scored,True
Furniture > Chairs & Seating > Office Chairs > Other,Furniture > Chairs & Seating > Office Chairs,Furniture > Chairs & Seating,Chair Type,Other,86,152,scored,True
Furniture > Chairs & Seating > Office Chairs > Task,Furniture > Chairs & Seating > Office Chairs,Furniture > Chairs & Seating,Chair Type,Task,177,485,scored,True
"Furniture > Chairs & Seating > Recliners, Gliders & Rockers","Furniture > Chairs & Seating > Recliners, Gliders & Rockers",Furniture > Chairs & Seating,,,11,0,staples_only,True
Furniture > Chairs & Seating > Sofas & Benches > Benches & Beam Seating,Furniture > Chairs & Seating > Sofas & Benches > Benches & Beam Seating,Furniture > Chairs & Seating,,,36,254,scored,True
"Furniture > Chairs & Seating > Sofas & Benches > Sofas, Loveseats & Sectionals","Furniture > Chairs & Seating > Sofas & Benches > Sofas, Loveseats & Sectionals",Furniture > Chairs & Seating,,,26,54,thin,True
Furniture > Chairs & Seating > Stacking & Folding Chairs,Furniture > Chairs & Seating > Stacking & Folding Chairs,Furniture > Chairs & Seating,,,257,245,scored,True
Furniture > Chairs & Seating > Stools & Ottomans > Counter & Bar Stools > Bar,Furniture > Chairs & Seating > Stools & Ottomans > Counter & Bar Stools,Furniture > Chairs & Seating,Stool Type,Bar,168,174,scored,True
Furniture > Chairs & Seating > Stools & Ottomans > Counter & Bar Stools > Counter,Furniture > Chairs & Seating > Stools & Ottomans > Counter & Bar Stools,Furniture > Chairs & Seating,Stool Type,Counter,84,130,scored,True
Furniture > Chairs & Seating > Stools & Ottomans > Counter & Bar Stools > Other,Furniture > Chairs & Seating > Stools & Ottomans > Counter & Bar Stools,Furniture > Chairs & Seating,Stool Type,Other,5,0,staples_only,True
Furniture > Chairs & Seating > Stools & Ottomans > Drafting Chairs & Office Stools,Furniture > Chairs & Seating > Stools & Ottomans > Drafting Chairs & Office Stools,Furniture > Chairs & Seating,,,106,58,scored,True
Furniture > Chairs & Seating > Stools & Ottomans > Foot Rests,Furniture > Chairs & Seating > Stools & Ottomans > Foot Rests,Furniture > Chairs & Seating,,,29,15,thin,True
Furniture > Chairs & Seating > Stools & Ottomans > Ottomans,Furniture > Chairs & Seating > Stools & Ottomans > Ottomans,Furniture > Chairs & Seating,,,29,1069,thin,True
Furniture > Desks > CPU Holders & Mounts,Furniture > Desks > CPU Holders & Mounts,Furniture > Desks,,,16,0,staples_only,True
Furniture > Desks > Desk Components & Hutches > Desk Components,Furniture > Desks > Desk Components & Hutches > Desk Components,Furniture > Desks,,,104,0,staples_only,True
Furniture > Desks > Desk Components & Hutches > Hutches,Furniture > Desks > Desk Components & Hutches > Hutches,Furniture > Desks,,,29,0,staples_only,True
Furniture > Desks > Office Desks > Computer,Furniture > Desks > Office Desks,Furniture > Desks,Home & Computer Desk Type,Computer,270,939,scored,True
Furniture > Desks > Office Desks > Executive,Furniture > Desks > Office Desks,Furniture > Desks,Home & Computer Desk Type,Executive,110,283,scored,True
Furniture > Desks > Office Desks > Other,Furniture > Desks > Office Desks,Furniture > Desks,Home & Computer Desk Type,Other,66,333,scored,True
Furniture > Desks > Office Desks > Table,Furniture > Desks > Office Desks,Furniture > Desks,Home & Computer Desk Type,Table,57,108,scored,True
Furniture > Desks > Office Desks > Workstations,Furniture > Desks > Office Desks,Furniture > Desks,Home & Computer Desk Type,Workstations,165,398,scored,True
Furniture > Desks > Sit & Stand Desks,Furniture > Desks > Sit & Stand Desks,Furniture > Desks,,,247,345,scored,True
Furniture > Lamps & Lighting > Accent Lighting,Furniture > Lamps & Lighting > Accent Lighting,Furniture > Lamps & Lighting,,,31,0,staples_only,False
Furniture > Lamps & Lighting > Ceiling Lighting,Furniture > Lamps & Lighting > Ceiling Lighting,Furniture > Lamps & Lighting,,,35,0,staples_only,False
Furniture > Lamps & Lighting > Craft Lighting & Magnifiers,Furniture > Lamps & Lighting > Craft Lighting & Magnifiers,Furniture > Lamps & Lighting,,,40,0,staples_only,False
Furniture > Lamps & Lighting > Desk Lamps,Furniture > Lamps & Lighting > Desk Lamps,Furniture > Lamps & Lighting,,,169,0,staples_only,False
Furniture > Lamps & Lighting > Floor Lamps,Furniture > Lamps & Lighting > Floor Lamps,Furniture > Lamps & Lighting,,,120,0,staples_only,False
"Furniture > Lamps & Lighting > Lighting Controls, Dimmers & Accessories > Lighting Accessories","Furniture > Lamps & Lighting > Lighting Controls, Dimmers & Accessories > Lighting Accessories",Furniture > Lamps & Lighting,,,14,0,staples_only,False
"Furniture > Lamps & Lighting > Lighting Controls, Dimmers & Accessories > Lighting Controls & Dimmers","Furniture > Lamps & Lighting > Lighting Controls, Dimmers & Accessories > Lighting Controls & Dimmers",Furniture > Lamps & Lighting,,,4,0,staples_only,False
"Furniture > Lamps & Lighting > Lighting Controls, Dimmers & Accessories > Transformers","Furniture > Lamps & Lighting > Lighting Controls, Dimmers & Accessories > Transformers",Furniture > Lamps & Lighting,,,1,0,staples_only,False
Furniture > Lamps & Lighting > Outdoor Lighting,Furniture > Lamps & Lighting > Outdoor Lighting,Furniture > Lamps & Lighting,,,66,0,staples_only,False
Furniture > Lamps & Lighting > Specialty Lighting,Furniture > Lamps & Lighting > Specialty Lighting,Furniture > Lamps & Lighting,,,36,0,staples_only,False
Furniture > Lamps & Lighting > Table Lamps,Furniture > Lamps & Lighting > Table Lamps,Furniture > Lamps & Lighting,,,104,0,staples_only,False
Furniture > Lamps & Lighting > Under Cabinet Lighting,Furniture > Lamps & Lighting > Under Cabinet Lighting,Furniture > Lamps & Lighting,,,2,0,staples_only,False
Furniture > Lamps & Lighting > Wall Lamps,Furniture > Lamps & Lighting > Wall Lamps,Furniture > Lamps & Lighting,,,7,0,staples_only,False
Furniture > Lecterns & PA Systems > Microphones,Furniture > Lecterns & PA Systems > Microphones,Furniture > Lecterns & PA Systems,,,52,0,staples_only,False
Office Supplies > Calendars & Planners > Planners & Personal Organizers,Office Supplies > Calendars & Planners > Planners & Personal Organizers,Office Supplies > Calendars & Planners,,,807,0,staples_only,False
Office Supplies > Label Makers & Tapes > ID Card Printers & Accessories,Office Supplies > Label Makers & Tapes > ID Card Printers & Accessories,Office Supplies > Label Makers & Tapes,,,46,0,staples_only,False
Office Supplies > Label Makers & Tapes > Label Maker Tapes & Printer Labels,Office Supplies > Label Makers & Tapes > Label Maker Tapes & Printer Labels,Office Supplies > Label Makers & Tapes,,,362,0,staples_only,False
Office Supplies > Label Makers & Tapes > Label Makers,Office Supplies > Label Makers & Tapes > Label Makers,Office Supplies > Label Makers & Tapes,,,82,0,staples_only,False
Office Supplies > Labels,Office Supplies > Labels,Office Supplies > Labels,,,6262,0,staples_only,False
"Office Supplies > Tape, Fasteners & Adhesives > Tape > Packing Tape","Office Supplies > Tape, Fasteners & Adhesives > Tape > Packing Tape","Office Supplies > Tape, Fasteners & Adhesives",,,214,0,staples_only,False
"Phones, Cameras & Electronics > Cameras, Camcorders & Accessories > Camera & Camcorder Accessories","Phones, Cameras & Electronics > Cameras, Camcorders & Accessories > Camera & Camcorder Accessories","Phones, Cameras & Electronics > Cameras, Camcorders & Accessories",,,96,0,staples_only,False
"Phones, Cameras & Electronics > Cameras, Camcorders & Accessories > Cameras & Camcorders","Phones, Cameras & Electronics > Cameras, Camcorders & Accessories > Cameras & Camcorders","Phones, Cameras & Electronics > Cameras, Camcorders & Accessories",,,138,0,staples_only,False
Restaurant & Foodservice Supplies > Tabletop > Drinkware,Restaurant & Foodservice Supplies > Tabletop > Drinkware,Restaurant & Foodservice Supplies > Tabletop,,,1,0,staples_only,False
Retail Store Supplies > Retail Packaging > Apparel Boxes & Garment Bags,Retail Store Supplies > Retail Packaging > Apparel Boxes & Garment Bags,Retail Store Supplies > Retail Packaging,,,1,0,staples_only,False
Retail Store Supplies > Retail Packaging > Decorative Shipping Boxes,Retail Store Supplies > Retail Packaging > Decorative Shipping Boxes,Retail Store Supplies > Retail Packaging,,,6,0,staples_only,False
Retail Store Supplies > Retail Packaging > Food Boxes & Bags,Retail Store Supplies > Retail Packaging > Food Boxes & Bags,Retail Store Supplies > Retail Packaging,,,4,0,staples_only,False
Retail Store Supplies > Retail Packaging > Mailers & Shipping Boxes,Retail Store Supplies > Retail Packaging > Mailers & Shipping Boxes,Retail Store Supplies > Retail Packaging,,,6,0,staples_only,False
Retail Store Supplies > Retail Packaging > Retail Boxes & Bags,Retail Store Supplies > Retail Packaging > Retail Boxes & Bags,Retail Store Supplies > Retail Packaging,,,93,0,staples_only,False
Retail Store Supplies > Retail Packaging > Shopping Bags,Retail Store Supplies > Retail Packaging > Shopping Bags,Retail Store Supplies > Retail Packaging,,,16,0,staples_only,False
"Shipping, Packing & Mailing Supplies > Mailing Supplies > Letter Openers","Shipping, Packing & Mailing Supplies > Mailing Supplies > Letter Openers","Shipping, Packing & Mailing Supplies > Mailing Supplies",,,9,0,staples_only,False
"Shipping, Packing & Mailing Supplies > Mailing Supplies > Mailers","Shipping, Packing & Mailing Supplies > Mailing Supplies > Mailers","Shipping, Packing & Mailing Supplies > Mailing Supplies",,,330,0,staples_only,False
"Shipping, Packing & Mailing Supplies > Mailing Supplies > Paper Folding Machines & Joggers","Shipping, Packing & Mailing Supplies > Mailing Supplies > Paper Folding Machines & Joggers","Shipping, Packing & Mailing Supplies > Mailing Supplies",,,20,0,staples_only,False
"Shipping, Packing & Mailing Supplies > Mailing Supplies > Postage Stamps","Shipping, Packing & Mailing Supplies > Mailing Supplies > Postage Stamps","Shipping, Packing & Mailing Supplies > Mailing Supplies",,,22,0,staples_only,False
"Shipping, Packing & Mailing Supplies > Mailing Supplies > Postal Scales & Meters","Shipping, Packing & Mailing Supplies > Mailing Supplies > Postal Scales & Meters","Shipping, Packing & Mailing Supplies > Mailing Supplies",,,21,0,staples_only,False
"Shipping, Packing & Mailing Supplies > Shipping Supplies > Corrugated Boxes & Pads > Corrugated Mailers","Shipping, Packing & Mailing Supplies > Shipping Supplies > Corrugated Boxes & Pads > Corrugated Mailers","Shipping, Packing & Mailing Supplies > Shipping Supplies",,,383,0,staples_only,False
"Shipping, Packing & Mailing Supplies > Shipping Supplies > Corrugated Boxes & Pads > Layer Pads","Shipping, Packing & Mailing Supplies > Shipping Supplies > Corrugated Boxes & Pads > Layer Pads","Shipping, Packing & Mailing Supplies > Shipping Supplies",,,112,0,staples_only,False
"Shipping, Packing & Mailing Supplies > Shipping Supplies > Corrugated Boxes & Pads > Shippers","Shipping, Packing & Mailing Supplies > Shipping Supplies > Corrugated Boxes & Pads > Shippers","Shipping, Packing & Mailing Supplies > Shipping Supplies",,,33,0,staples_only,False
"Shipping, Packing & Mailing Supplies > Shipping Supplies > Corrugated Boxes & Pads > Shipping Boxes","Shipping, Packing & Mailing Supplies > Shipping Supplies > Corrugated Boxes & Pads > Shipping Boxes","Shipping, Packing & Mailing Supplies > Shipping Supplies",,,1449,0,staples_only,False
"Shipping, Packing & Mailing Supplies > Shipping Supplies > Cushioning & Void Fill > Air Pillows & Inflatable Packaging","Shipping, Packing & Mailing Supplies > Shipping Supplies > Cushioning & Void Fill > Air Pillows & Inflatable Packaging","Shipping, Packing & Mailing Supplies > Shipping Supplies",,,6,0,staples_only,False
"Shipping, Packing & Mailing Supplies > Shipping Supplies > Cushioning & Void Fill > Bubble Rolls","Shipping, Packing & Mailing Supplies > Shipping Supplies > Cushioning & Void Fill > Bubble Rolls","Shipping, Packing & Mailing Supplies > Shipping Supplies",,,51,0,staples_only,False
"Shipping, Packing & Mailing Supplies > Shipping Supplies > Cushioning & Void Fill > Cushioning Bags & Sleeves","Shipping, Packing & Mailing Supplies > Shipping Supplies > Cushioning & Void Fill > Cushioning Bags & Sleeves","Shipping, Packing & Mailing Supplies > Shipping Supplies",,,84,0,staples_only,False
"Shipping, Packing & Mailing Supplies > Shipping Supplies > Cushioning & Void Fill > Cushioning Sheets","Shipping, Packing & Mailing Supplies > Shipping Supplies > Cushioning & Void Fill > Cushioning Sheets","Shipping, Packing & Mailing Supplies > Shipping Supplies",,,12,0,staples_only,False
"Shipping, Packing & Mailing Supplies > Shipping Supplies > Cushioning & Void Fill > Foam Rolls","Shipping, Packing & Mailing Supplies > Shipping Supplies > Cushioning & Void Fill > Foam Rolls","Shipping, Packing & Mailing Supplies > Shipping Supplies",,,27,0,staples_only,False
"Shipping, Packing & Mailing Supplies > Shipping Supplies > Cushioning & Void Fill > Packing Paper Rolls","Shipping, Packing & Mailing Supplies > Shipping Supplies > Cushioning & Void Fill > Packing Paper Rolls","Shipping, Packing & Mailing Supplies > Shipping Supplies",,,82,0,staples_only,False
"Shipping, Packing & Mailing Supplies > Shipping Supplies > Cushioning & Void Fill > Packing Paper Sheets","Shipping, Packing & Mailing Supplies > Shipping Supplies > Cushioning & Void Fill > Packing Paper Sheets","Shipping, Packing & Mailing Supplies > Shipping Supplies",,,31,0,staples_only,False
"Shipping, Packing & Mailing Supplies > Shipping Supplies > Desiccants & Cold Packs > Desiccants","Shipping, Packing & Mailing Supplies > Shipping Supplies > Desiccants & Cold Packs > Desiccants","Shipping, Packing & Mailing Supplies > Shipping Supplies",,,4,0,staples_only,False
"Shipping, Packing & Mailing Supplies > Shipping Supplies > Desiccants & Cold Packs > Shipping Cold Packs","Shipping, Packing & Mailing Supplies > Shipping Supplies > Desiccants & Cold Packs > Shipping Cold Packs","Shipping, Packing & Mailing Supplies > Shipping Supplies",,,32,0,staples_only,False
"Shipping, Packing & Mailing Supplies > Shipping Supplies > Moving Supplies","Shipping, Packing & Mailing Supplies > Shipping Supplies > Moving Supplies","Shipping, Packing & Mailing Supplies > Shipping Supplies",,,57,0,staples_only,False
"Shipping, Packing & Mailing Supplies > Shipping Supplies > Package Identification & Indicators > Damage Indicators","Shipping, Packing & Mailing Supplies > Shipping Supplies > Package Identification & Indicators > Damage Indicators","Shipping, Packing & Mailing Supplies > Shipping Supplies",,,3,0,staples_only,False
"Shipping, Packing & Mailing Supplies > Shipping Supplies > Package Identification & Indicators > Packing List Envelopes","Shipping, Packing & Mailing Supplies > Shipping Supplies > Package Identification & Indicators > Packing List Envelopes","Shipping, Packing & Mailing Supplies > Shipping Supplies",,,93,0,staples_only,False
"Shipping, Packing & Mailing Supplies > Shipping Supplies > Package Identification & Indicators > Shipping Tags & Seals","Shipping, Packing & Mailing Supplies > Shipping Supplies > Package Identification & Indicators > Shipping Tags & Seals","Shipping, Packing & Mailing Supplies > Shipping Supplies",,,166,0,staples_only,False
"Shipping, Packing & Mailing Supplies > Shipping Supplies > Packing Peanuts","Shipping, Packing & Mailing Supplies > Shipping Supplies > Packing Peanuts","Shipping, Packing & Mailing Supplies > Shipping Supplies",,,4,0,staples_only,False
"Shipping, Packing & Mailing Supplies > Shipping Supplies > Packing Tape & Dispensers > Packing Tape Dispensers","Shipping, Packing & Mailing Supplies > Shipping Supplies > Packing Tape & Dispensers > Packing Tape Dispensers","Shipping, Packing & Mailing Supplies > Shipping Supplies",,,44,0,staples_only,False
"Shipping, Packing & Mailing Supplies > Shipping Supplies > Poly Bags & Tubing > Impulse Sealers","Shipping, Packing & Mailing Supplies > Shipping Supplies > Poly Bags & Tubing > Impulse Sealers","Shipping, Packing & Mailing Supplies > Shipping Supplies",,,12,0,staples_only,False
"Shipping, Packing & Mailing Supplies > Shipping Supplies > Poly Bags & Tubing > Pallet Covers & Sheeting","Shipping, Packing & Mailing Supplies > Shipping Supplies > Poly Bags & Tubing > Pallet Covers & Sheeting","Shipping, Packing & Mailing Supplies > Shipping Supplies",,,80,0,staples_only,False
"Shipping, Packing & Mailing Supplies > Shipping Supplies > Poly Bags & Tubing > Poly Bags","Shipping, Packing & Mailing Supplies > Shipping Supplies > Poly Bags & Tubing > Poly Bags","Shipping, Packing & Mailing Supplies > Shipping Supplies",,,1199,0,staples_only,False
"Shipping, Packing & Mailing Supplies > Shipping Supplies > Poly Bags & Tubing > Poly Tubing","Shipping, Packing & Mailing Supplies > Shipping Supplies > Poly Bags & Tubing > Poly Tubing","Shipping, Packing & Mailing Supplies > Shipping Supplies",,,72,0,staples_only,False
"Shipping, Packing & Mailing Supplies > Shipping Supplies > Poly Bags & Tubing > Twist Ties & Bag Tape","Shipping, Packing & Mailing Supplies > Shipping Supplies > Poly Bags & Tubing > Twist Ties & Bag Tape","Shipping, Packing & Mailing Supplies > Shipping Supplies",,,25,0,staples_only,False
"Shipping, Packing & Mailing Supplies > Shipping Supplies > Shipping & Packing Dispensers","Shipping, Packing & Mailing Supplies > Shipping Supplies > Shipping & Packing Dispensers","Shipping, Packing & Mailing Supplies > Shipping Supplies",,,23,0,staples_only,False
"Shipping, Packing & Mailing Supplies > Shipping Supplies > Strapping & Strapping Equipment > Edge Protectors","Shipping, Packing & Mailing Supplies > Shipping Supplies > Strapping & Strapping Equipment > Edge Protectors","Shipping, Packing & Mailing Supplies > Shipping Supplies",,,49,0,staples_only,False
"Shipping, Packing & Mailing Supplies > Shipping Supplies > Strapping & Strapping Equipment > Rope, String & Twine","Shipping, Packing & Mailing Supplies > Shipping Supplies > Strapping & Strapping Equipment > Rope, String & Twine","Shipping, Packing & Mailing Supplies > Shipping Supplies",,,31,0,staples_only,False
"Shipping, Packing & Mailing Supplies > Shipping Supplies > Strapping & Strapping Equipment > Seals & Buckles","Shipping, Packing & Mailing Supplies > Shipping Supplies > Strapping & Strapping Equipment > Seals & Buckles","Shipping, Packing & Mailing Supplies > Shipping Supplies",,,10,0,staples_only,False
"Shipping, Packing & Mailing Supplies > Shipping Supplies > Strapping & Strapping Equipment > Strapping","Shipping, Packing & Mailing Supplies > Shipping Supplies > Strapping & Strapping Equipment > Strapping","Shipping, Packing & Mailing Supplies > Shipping Supplies",,,26,0,staples_only,False
"Shipping, Packing & Mailing Supplies > Shipping Supplies > Strapping & Strapping Equipment > Strapping Tools","Shipping, Packing & Mailing Supplies > Shipping Supplies > Strapping & Strapping Equipment > Strapping Tools","Shipping, Packing & Mailing Supplies > Shipping Supplies",,,10,0,staples_only,False
"Shipping, Packing & Mailing Supplies > Shipping Supplies > Stretch & Shrink Film > Shrink Film","Shipping, Packing & Mailing Supplies > Shipping Supplies > Stretch & Shrink Film > Shrink Film","Shipping, Packing & Mailing Supplies > Shipping Supplies",,,9,0,staples_only,False
"Shipping, Packing & Mailing Supplies > Shipping Supplies > Stretch & Shrink Film > Stretch Wrap","Shipping, Packing & Mailing Supplies > Shipping Supplies > Stretch & Shrink Film > Stretch Wrap","Shipping, Packing & Mailing Supplies > Shipping Supplies",,,77,0,staples_only,False
