node_id,band,share_staples,share_competitor,n_staples,n_competitor,price_mid,credibility
Furniture > Chairs & Seating > Accent & Waiting Room Chairs,under $200,0.15789473684210525,0.22086466165413535,18,235,159.99,0.94235
Furniture > Chairs & Seating > Accent & Waiting Room Chairs,$200–$350,0.2543859649122807,0.28383458646616544,29,302,269.99,0.74345
Furniture > Chairs & Seating > Accent & Waiting Room Chairs,$350–$600,0.3333333333333333,0.22462406015037595,38,239,457.0,0.0059
Furniture > Chairs & Seating > Accent & Waiting Room Chairs,$600+,0.2543859649122807,0.2706766917293233,29,288,997.92,0.64025
Furniture > Chairs & Seating > Big and Tall Chairs,under $250,0.24,0.5,6,3,235.99,0.89145
Furniture > Chairs & Seating > Big and Tall Chairs,$250–$350,0.16,0.5,4,3,309.99,0.9553
Furniture > Chairs & Seating > Big and Tall Chairs,$350–$600,0.4,0.0,10,0,518.99,0.01845
Furniture > Chairs & Seating > Big and Tall Chairs,$600+,0.2,0.0,5,0,614.99,0.10715
Furniture > Chairs & Seating > Breakroom & Dining Chairs,under $200,0.3870967741935484,0.26116373477672533,12,193,159.99,0.06275
Furniture > Chairs & Seating > Breakroom & Dining Chairs,$200–$250,0.3548387096774194,0.17456021650879566,11,129,225.49,0.00815
Furniture > Chairs & Seating > Breakroom & Dining Chairs,$250–$400,0.16129032258064516,0.30987821380243574,5,229,309.99,0.9682
Furniture > Chairs & Seating > Breakroom & Dining Chairs,$400+,0.0967741935483871,0.2543978349120433,3,188,549.0,0.98295
Furniture > Chairs & Seating > Gaming Chairs,under $175,0.09090909090909091,0.3684210526315789,2,21,145.99,0.99555
Furniture > Chairs & Seating > Gaming Chairs,$175–$250,0.09090909090909091,0.22807017543859648,2,13,209.99,0.9261
Furniture > Chairs & Seating > Gaming Chairs,$250–$350,0.36363636363636365,0.19298245614035087,8,11,299.99,0.0611
Furniture > Chairs & Seating > Gaming Chairs,$350+,0.45454545454545453,0.21052631578947367,10,12,424.99,0.01765
Furniture > Chairs & Seating > Kids Seating,under $100,0.2638888888888889,0.1956521739130435,19,27,69.99,0.1289
Furniture > Chairs & Seating > Kids Seating,$100–$125,0.16666666666666666,0.2391304347826087,12,33,112.99,0.89165
Furniture > Chairs & Seating > Kids Seating,$125–$200,0.3611111111111111,0.32608695652173914,26,45,152.69,0.30605
Furniture > Chairs & Seating > Kids Seating,$200+,0.20833333333333334,0.2391304347826087,15,33,297.49,0.69295
Furniture > Chairs & Seating > Office Chairs > Computer and Desk,under $150,0.075,0.25259515570934254,6,73,123.99,0.99995
Furniture > Chairs & Seating > Office Chairs > Computer and Desk,$150–$250,0.35,0.36678200692041524,28,106,194.99,0.61335
Furniture > Chairs & Seating > Office Chairs > Computer and Desk,$250–$350,0.2,0.22491349480968859,16,65,305.99,0.6812
Furniture > Chairs & Seating > Office Chairs > Computer and Desk,$350+,0.375,0.15570934256055363,30,45,499.99,0.0
Furniture > Chairs & Seating > Office Chairs > Executive,under $200,0.047872340425531915,0.3406813627254509,9,170,153.99,1.0
Furniture > Chairs & Seating > Office Chairs > Executive,$200–$300,0.3404255319148936,0.22244488977955912,64,111,250.94,0.001
Furniture > Chairs & Seating > Office Chairs > Executive,$300–$400,0.2872340425531915,0.17835671342685372,54,89,346.79,0.00085
Furniture > Chairs & Seating > Office Chairs > Executive,$400+,0.324468085106383,0.25851703406813625,61,129,652.94,0.0432
Furniture > Chairs & Seating > Office Chairs > Other,under $200,0.08139534883720931,0.40131578947368424,7,61,159.99,1.0
Furniture > Chairs & Seating > Office Chairs > Other,$200–$300,0.20930232558139536,0.24342105263157895,18,37,235.99,0.724
Furniture > Chairs & Seating > Office Chairs > Other,$300–$400,0.29069767441860467,0.17763157894736842,25,27,358.19,0.0224
Furniture > Chairs & Seating > Office Chairs > Other,$400+,0.4186046511627907,0.17763157894736842,36,27,536.09,0.0001
Furniture > Chairs & Seating > Office Chairs > Task,under $150,0.062146892655367235,0.35876288659793815,11,174,106.99,1.0
Furniture > Chairs & Seating > Office Chairs > Task,$150–$250,0.22033898305084745,0.26804123711340205,39,130,192.99,0.8919
Furniture > Chairs & Seating > Office Chairs > Task,$250–$400,0.3050847457627119,0.22268041237113403,54,108,325.99,0.01435
Furniture > Chairs & Seating > Office Chairs > Task,$400+,0.4124293785310734,0.15051546391752577,73,73,544.99,0.0
Furniture > Chairs & Seating > Sofas & Benches > Benches & Beam Seating,under $175,0.19444444444444445,0.29133858267716534,7,74,135.99,0.8892
Furniture > Chairs & Seating > Sofas & Benches > Benches & Beam Seating,$175–$250,0.4722222222222222,0.23228346456692914,17,59,209.99,0.0023
Furniture > Chairs & Seating > Sofas & Benches > Benches & Beam Seating,$250–$400,0.25,0.21653543307086615,9,55,302.49,0.3167
Furniture > Chairs & Seating > Sofas & Benches > Benches & Beam Seating,$400+,0.08333333333333333,0.25984251968503935,3,66,749.0,0.99385
"Furniture > Chairs & Seating > Sofas & Benches > Sofas, Loveseats & Sectionals",under $800,0.038461538461538464,0.3888888888888889,1,21,549.99,0.99975
"Furniture > Chairs & Seating > Sofas & Benches > Sofas, Loveseats & Sectionals","$800–$1,500",0.38461538461538464,0.1111111111111111,10,6,1284.99,0.0025
"Furniture > Chairs & Seating > Sofas & Benches > Sofas, Loveseats & Sectionals","$1,500–$2,500",0.46153846153846156,0.2037037037037037,12,11,1908.0,0.00905
"Furniture > Chairs & Seating > Sofas & Benches > Sofas, Loveseats & Sectionals","$2,500+",0.11538461538461539,0.2962962962962963,3,16,3009.99,0.9659
Furniture > Chairs & Seating > Stacking & Folding Chairs,under $125,0.21011673151750973,0.24489795918367346,54,60,94.49,0.8309
Furniture > Chairs & Seating > Stacking & Folding Chairs,$125–$250,0.19066147859922178,0.4163265306122449,49,102,179.99,1.0
Furniture > Chairs & Seating > Stacking & Folding Chairs,$250–$500,0.22178988326848248,0.23265306122448978,57,57,329.49,0.614
Furniture > Chairs & Seating > Stacking & Folding Chairs,$500+,0.377431906614786,0.10612244897959183,97,26,992.0,0.0
Furniture > Chairs & Seating > Stools & Ottomans > Counter & Bar Stools > Bar,under $150,0.34523809523809523,0.10344827586206896,58,18,112.09,0.0
Furniture > Chairs & Seating > Stools & Ottomans > Counter & Bar Stools > Bar,$150–$250,0.30952380952380953,0.3275862068965517,52,57,204.29000000000002,0.6419
Furniture > Chairs & Seating > Stools & Ottomans > Counter & Bar Stools > Bar,$250–$400,0.18452380952380953,0.21264367816091953,31,37,309.74,0.73645
Furniture > Chairs & Seating > Stools & Ottomans > Counter & Bar Stools > Bar,$400+,0.16071428571428573,0.3563218390804598,27,62,568.49,0.9999
Furniture > Chairs & Seating > Stools & Ottomans > Counter & Bar Stools > Counter,under $150,0.2857142857142857,0.23076923076923078,24,30,115.94,0.178
Furniture > Chairs & Seating > Stools & Ottomans > Counter & Bar Stools > Counter,$150–$250,0.30952380952380953,0.3153846153846154,26,41,205.99,0.5369
Furniture > Chairs & Seating > Stools & Ottomans > Counter & Bar Stools > Counter,$250–$350,0.11904761904761904,0.2153846153846154,10,28,305.28999999999996,0.96675
Furniture > Chairs & Seating > Stools & Ottomans > Counter & Bar Stools > Counter,$350+,0.2857142857142857,0.23846153846153847,24,31,484.09,0.21975
Furniture > Chairs & Seating > Stools & Ottomans > Drafting Chairs & Office Stools,under $175,0.20754716981132076,0.3448275862068966,22,20,119.44,0.97065
Furniture > Chairs & Seating > Stools & Ottomans > Drafting Chairs & Office Stools,$175–$250,0.25471698113207547,0.22413793103448276,27,13,210.99,0.32765
Furniture > Chairs & Seating > Stools & Ottomans > Drafting Chairs & Office Stools,$250–$400,0.2358490566037736,0.25862068965517243,25,15,324.19,0.63625
Furniture > Chairs & Seating > Stools & Ottomans > Drafting Chairs & Office Stools,$400+,0.3018867924528302,0.1724137931034483,32,10,499.99,0.0312
Furniture > Chairs & Seating > Stools & Ottomans > Foot Rests,under $50,0.3103448275862069,0.06666666666666667,9,1,37.49,0.0242
Furniture > Chairs & Seating > Stools & Ottomans > Foot Rests,$50–$100,0.3793103448275862,0.2,11,3,60.09,0.111
Furniture > Chairs & Seating > Stools & Ottomans > Foot Rests,$100–$125,0.13793103448275862,0.13333333333333333,4,2,105.99,0.497
Furniture > Chairs & Seating > Stools & Ottomans > Foot Rests,$125+,0.1724137931034483,0.6,5,9,154.34,0.9972
Furniture > Chairs & Seating > Stools & Ottomans > Ottomans,under $75,0.06896551724137931,0.29653882132834425,2,317,67.99,0.9986
Furniture > Chairs & Seating > Stools & Ottomans > Ottomans,$75–$150,0.4827586206896552,0.23947614593077643,14,256,113.99,0.0018
Furniture > Chairs & Seating > Stools & Ottomans > Ottomans,$150–$250,0.1724137931034483,0.23012160898035547,5,246,184.99,0.76115
Furniture > Chairs & Seating > Stools & Ottomans > Ottomans,$250+,0.27586206896551724,0.23386342376052385,8,250,389.99,0.28875
Furniture > Desks > Office Desks > Computer,under $200,0.0962962962962963,0.3450479233226837,26,324,144.965,1.0
Furniture > Desks > Office Desks > Computer,$200–$300,0.14444444444444443,0.22896698615548455,39,215,246.99,0.9992
Furniture > Desks > Office Desks > Computer,$300–$600,0.337037037037037,0.21938232161874335,91,206,419.98,0.0
Furniture > Desks > Office Desks > Computer,$600+,0.4222222222222222,0.2066027689030884,114,194,1378.99,0.0
Furniture > Desks > Office Desks > Executive,under $250,0.03636363636363636,0.2862190812720848,4,81,207.99,1.0
Furniture > Desks > Office Desks > Executive,$250–$400,0.11818181818181818,0.3250883392226148,13,92,319.99,1.0
Furniture > Desks > Office Desks > Executive,"$400–$1,250",0.4909090909090909,0.21201413427561838,54,60,664.995,0.0
Furniture > Desks > Office Desks > Executive,"$1,250+",0.35454545454545455,0.17667844522968199,39,50,1999.99,0.0001
Furniture > Desks > Office Desks > Other,under $175,0.12121212121212122,0.2912912912912913,8,97,123.99,0.9984
Furniture > Desks > Office Desks > Other,$175–$300,0.16666666666666666,0.2822822822822823,11,94,224.99,0.9779
Furniture > Desks > Office Desks > Other,$300–$700,0.2878787878787879,0.22522522522522523,19,75,425.79,0.13785
Furniture > Desks > Office Desks > Other,$700+,0.42424242424242425,0.2012012012012012,28,67,1299.0,0.0002
Furniture > Desks > Office Desks > Table,under $200,0.017543859649122806,0.26851851851851855,1,29,140.99,1.0
Furniture > Desks > Office Desks > Table,$200–$350,0.3508771929824561,0.2777777777777778,20,30,268.99,0.16195
Furniture > Desks > Office Desks > Table,"$350–$1,000",0.543859649122807,0.1111111111111111,31,12,509.65,0.0
Furniture > Desks > Office Desks > Table,"$1,000+",0.08771929824561403,0.3425925925925926,5,37,1764.99,1.0
Furniture > Desks > Office Desks > Workstations,under $200,0.030303030303030304,0.3391959798994975,5,135,157.99,1.0
Furniture > Desks > Office Desks > Workstations,$200–$400,0.05454545454545454,0.3492462311557789,9,139,266.64,1.0
Furniture > Desks > Office Desks > Workstations,"$400–$1,250",0.43636363636363634,0.15326633165829145,72,61,679.99,0.0
Furniture > Desks > Office Desks > Workstations,"$1,250+",0.47878787878787876,0.15829145728643215,79,63,2167.49,0.0
Furniture > Desks > Sit & Stand Desks,under $175,0.08097165991902834,0.32753623188405795,20,113,124.99,1.0
Furniture > Desks > Sit & Stand Desks,$175–$300,0.242914979757085,0.3072463768115942,60,106,227.11,0.95945
Furniture > Desks > Sit & Stand Desks,$300–$600,0.2834008097165992,0.20869565217391303,70,72,400.99,0.01875
Furniture > Desks > Sit & Stand Desks,$600+,0.39271255060728744,0.1565217391304348,97,54,1159.99,0.0
