family_id,node_id,l2_key,vw,aas,a_sem_pct,a_ctx,s_max_p,fi,n_fi,crs,ppr,ad,n_peers,d_dfi,material_upgrade,nearest_staples,identical,identical_staples,label,label_group,data_error,archetype_id,exemplar_rank,exemplar_score,title,price,url,brand,house_brand,brand_on_staples,colour_family,material_class,style_family,dfi,colours_observed,st_family_id,st_title,st_price,st_url,st_colour_family,st_material_class,st_style_family,st_dfi
W_W100630436,Furniture > Chairs & Seating > Accent & Waiting Room Chairs,Furniture > Chairs & Seating,1.0,33.27338129496403,0.22122302158273383,0.5,0.7518944144248962,0.75,4,75.11366271972656,2.6213466880550884,0.6,14,0.3441375422773393,True,S_d55032d7fe79,False,,TRADE-UP,Approve,False,Furniture > Chairs & Seating > Accent & Waiting Room Chairs :: price_band=$600+ · colour_tone=warm-neutral,1,0.6046897576357897,Higgins Faux Leather Barrel Chair,669.99,https://www.wayfair.com/furniture/pdp/latitude-run-higgins-upholstered-barrel-chair-w100630436.html,Latitude Run,True,False,brown/wood,faux leather,traditional,0.9251691093573844,,S_d55032d7fe79,"Boss CaressoftPlus Vinyl Guest Chair, Black (B959-BK)",259.99,https://www.staples.com/Boss-Traditional-Black-Caressoft-Guest-Chair-with-Mahogany-Finish-B959-BK/product_2491279,black,vinyl,traditional,0.5810315670800451
W_W002333610,Furniture > Chairs & Seating > Accent & Waiting Room Chairs,Furniture > Chairs & Seating,1.0,43.812949640287776,0.06354916067146282,1.0,0.6818186044692993,0.75,4,70.90911865234375,8.074627251350165,0.5,4,0.29495490417136416,False,S_7903fae09dfa,False,,TRADE-UP,Approve,False,Furniture > Chairs & Seating > Accent & Waiting Room Chairs :: price_band=$600+ · colour_tone=warm-neutral,2,0.5994349308454735,Siena Lounge Reception 3 Seat Tandem Seating,3124.8,https://www.wayfair.com/commercial-office-furniture/pdp/lesro-siena-lounge-reception-3-seat-tandem-seating-w002333610.html?piid=412853688%2C502378907,Lesro,False,True,brown/wood,fabric,traditional,0.8153889515219842,brown/wood,S_7903fae09dfa,"Boss Fabric Guest Chair, Slate Grey (B9540DW-SG)",186.99,https://www.staples.com/Boss-Modern-Captain-s-Chair-in-Slate-Grade-Commercial-Grade-Linen-B9540DW-SG/product_2491281,grey,fabric,traditional,0.52043404735062
W_W002827967,Furniture > Chairs & Seating > Accent & Waiting Room Chairs,Furniture > Chairs & Seating,1.0,47.9136690647482,0.31534772182254195,0.724820143884892,0.8006271719932556,0.8,5,80.03762817382812,2.9541886684743828,0.875,12,0.2253382187147689,True,S_0b12ab9e6768,False,,TRADE-UP,Approve,False,Furniture > Chairs & Seating > Accent & Waiting Room Chairs :: price_band=$600+ · colour_tone=warm-neutral,3,0.5816329403646635,Deryn Upholstered Barrel Chair,1449.0,https://www.wayfair.com/furniture/pdp/joss-main-deryn-upholstered-swivel-barrel-chair-w002827967.html?piid=1661281432,Joss & Main,True,False,brown/wood,velvet,farmhouse/rustic,0.9578635851183765,,S_0b12ab9e6768,"Flash Furniture Plastic/Poly Accent Chair, White (FH132DPPWH)",122.99,https://www.staples.com/flash-furniture-plastic-poly-accent-chair-white-fh132dppwh/product_24256993,white,plastic,,0.7325253664036077
W_W120073325,Furniture > Chairs & Seating > Accent & Waiting Room Chairs,Furniture > Chairs & Seating,1.0,51.115107913669064,0.18525179856115107,1.0,0.7338622212409973,0.75,4,74.03173828125,2.8329758387632036,0.5,12,0.2247745208568207,True,S_0b12ab9e6768,False,,TRADE-UP,Approve,False,Furniture > Chairs & Seating > Accent & Waiting Room Chairs :: price_band=$600+ · colour_tone=light-neutral · style_family=modern,1,0.6192807601135236,Kalista Upholstered Accent Chair,700.0,https://www.wayfair.com/furniture/pdp/latitude-run-kalista-upholstered-accent-chair-w120073325.html?piid=764554821,Latitude Run,True,False,beige/cream,fabric,modern,0.9572998872604284,,S_0b12ab9e6768,"Flash Furniture Plastic/Poly Accent Chair, White (FH132DPPWH)",122.99,https://www.staples.com/flash-furniture-plastic-poly-accent-chair-white-fh132dppwh/product_24256993,white,plastic,,0.7325253664036077
W_BHT12201,Furniture > Chairs & Seating > Accent & Waiting Room Chairs,Furniture > Chairs & Seating,1.0,31.115107913669064,0.18525179856115107,0.5,0.7338622212409973,0.75,4,74.03173828125,11.453316605285524,0.375,12,0.17742390078917702,True,S_0b12ab9e6768,False,,TRADE-UP,Approve,False,Furniture > Chairs & Seating > Accent & Waiting Room Chairs :: price_band=$600+ · colour_tone=light-neutral · style_family=modern,2,0.6014881587592966,Palazzo Upholstered Swivel Barrel Chair,2830.0,"https://www.wayfair.com/furniture/pdp/bernhardt-palazzo-315-wide-tufted-swivel-barrel-chair-bht12201.html?piid=61492541%2C61492563&auctionId=aa0244d2-b34d-4da8-8c33-69a129425002&trackingId={""adType"":""WSP"",""auctionId"":""aa0244d2-b34d-4da8-8c33-69a129425002""}&adTypeId=1",Bernhardt,False,False,white,fabric,modern,0.9099492671927847,white,S_0b12ab9e6768,"Flash Furniture Plastic/Poly Accent Chair, White (FH132DPPWH)",122.99,https://www.staples.com/flash-furniture-plastic-poly-accent-chair-white-fh132dppwh/product_24256993,white,plastic,,0.7325253664036077
W_KTHM7656,Furniture > Chairs & Seating > Accent & Waiting Room Chairs,Furniture > Chairs & Seating,1.0,55.79136690647481,0.263189448441247,1.0,0.7251315116882324,0.8333333333333334,6,76.84122467041016,4.573786728293166,0.5333333333333334,15,-0.03664036076662902,False,S_da9b11d354af,False,,STYLE-EXTENSION,Approve,False,Furniture > Chairs & Seating > Accent & Waiting Room Chairs :: price_band=$600+ · colour_tone=light-neutral · style_family=modern,3,0.5806992992647875,Weisberg 24''W Modern Boucle Dining Chair with Solid Wood Leg,1523.94,https://www.wayfair.com/furniture/pdp/wade-logan-weisberg-24w-modern-boucle-dining-chair-with-solid-wood-leg-kthm7656.html?piid=94516449,Wade Logan,True,False,beige/cream,boucle,modern,0.8859921082299888,beige/cream,S_da9b11d354af,"bali & pari Garan Natural Rattan Accent Chair, Natural and Black (211-12745-HiT)",249.99,https://www.staples.com/bali-pari-garan-natural-rattan-accent-chair-natural-and-black-211-12745-hit/product_24767980,brown/wood,wicker/rattan,boho/coastal,0.9226324689966178
W_W111857149,Furniture > Chairs & Seating > Accent & Waiting Room Chairs,Furniture > Chairs & Seating,1.0,31.115107913669064,0.18525179856115107,0.5,0.7338622212409973,0.75,4,74.03173828125,2.5900683961309645,0.625,12,0.24408117249154448,True,S_0b12ab9e6768,False,,TRADE-UP,Approve,False,Furniture > Chairs & Seating > Accent & Waiting Room Chairs :: price_band=$600+ · colour_tone=light-neutral,1,0.6195736795670553,Occie Velvet Swivel Barrel Chair,639.98,https://www.wayfair.com/furniture/pdp/mercer41-occie-velvet-swivel-barrel-chair-w111857149.html?piid=164223576,Mercer41,True,False,beige/cream,velvet,traditional,0.9766065388951521,beige/cream,S_0b12ab9e6768,"Flash Furniture Plastic/Poly Accent Chair, White (FH132DPPWH)",122.99,https://www.staples.com/flash-furniture-plastic-poly-accent-chair-white-fh132dppwh/product_24256993,white,plastic,,0.7325253664036077
W_BHT14403,Furniture > Chairs & Seating > Accent & Waiting Room Chairs,Furniture > Chairs & Seating,1.0,31.115107913669064,0.18525179856115107,0.5,0.7338622212409973,0.75,4,74.03173828125,8.883402808693189,0.6875,12,0.2219560315670801,True,S_0b12ab9e6768,False,,TRADE-UP,Approve,False,Furniture > Chairs & Seating > Accent & Waiting Room Chairs :: price_band=$600+ · colour_tone=light-neutral,2,0.6165555296151184,Alana Upholstered Swivel Barrel Chair,2195.0,https://www.wayfair.com/furniture/pdp/bernhardt-alana-upholstered-swivel-barrel-chair-bht14403.html?piid=91246141,Bernhardt,False,False,beige/cream,boucle,transitional,0.9544813979706878,beige/cream,S_0b12ab9e6768,"Flash Furniture Plastic/Poly Accent Chair, White (FH132DPPWH)",122.99,https://www.staples.com/flash-furniture-plastic-poly-accent-chair-white-fh132dppwh/product_24256993,white,plastic,,0.7325253664036077
W_W110947517,Furniture > Chairs & Seating > Accent & Waiting Room Chairs,Furniture > Chairs & Seating,1.0,31.115107913669064,0.18525179856115107,0.5,0.7338622212409973,0.75,4,74.03173828125,4.432393055162087,0.625,12,0.19926719278466742,True,S_0b12ab9e6768,False,,TRADE-UP,Approve,False,Furniture > Chairs & Seating > Accent & Waiting Room Chairs :: price_band=$600+ · colour_tone=light-neutral,3,0.611572693976098,Pickensville Swivel Accent Chair,1095.2,https://www.wayfair.com/furniture/pdp/birch-lane-pickensville-swivel-accent-chair-w110947517.html?piid=1675797485,Birch Lane,True,False,beige/cream,boucle,traditional,0.9317925591882751,beige/cream,S_0b12ab9e6768,"Flash Furniture Plastic/Poly Accent Chair, White (FH132DPPWH)",122.99,https://www.staples.com/flash-furniture-plastic-poly-accent-chair-white-fh132dppwh/product_24256993,white,plastic,,0.7325253664036077
W_W009872284,Furniture > Chairs & Seating > Accent & Waiting Room Chairs,Furniture > Chairs & Seating,1.0,36.69064748201439,0.27817745803357313,0.5,0.7663848400115967,0.8,5,77.98309326171875,0.9364527241713769,0.6,15,0.14740698985343847,False,S_ca27c44b15ed,False,,STYLE-EXTENSION,Approve,False,Furniture > Chairs & Seating > Accent & Waiting Room Chairs :: price_band=$200–$350 · colour_tone=warm-neutral · style_family=mid-century,1,0.5873725154018187,"Esteen 32"" W Polyester Accent Barrel Chair",279.99,https://www.wayfair.com/furniture/pdp/george-oliver-esteen-32-w-polyester-accent-barrel-chair-w009872284.html?piid=1255845961,George Oliver,True,False,brown/wood,fabric,mid-century,0.9037485907553551,brown/wood,S_ca27c44b15ed,"Flash Furniture Hercules Artemis LeatherSoft Reception Chair, Cognac (ZB89211SCOGNAC)",780.59,https://www.staples.com/flash-furniture-hercules-artemis-leathersoft-reception-chair-cognac-zb89211scognac/product_24685573,brown/wood,leather,modern,0.7563416009019166
W_W001374748,Furniture > Chairs & Seating > Accent & Waiting Room Chairs,Furniture > Chairs & Seating,1.0,51.29496402877698,0.37170263788968827,0.724820143884892,0.8162442445755005,0.8,5,80.97465515136719,1.1186352959910826,0.55,11,0.003804960541149871,False,S_52c292d037f8,False,,STYLE-EXTENSION,Approve,False,Furniture > Chairs & Seating > Accent & Waiting Room Chairs :: price_band=$200–$350 · colour_tone=warm-neutral · style_family=mid-century,2,0.567185995402707,"Finch Everett Faux Leather Accent Chair, Square Metal Frame, Removable Covers, Medium-Soft Cushions",280.99,https://www.wayfair.com/furniture/pdp/finch-everett-faux-leather-accent-chair-square-metal-frame-removable-covers-medium-soft-cushions-w001374748.html,Finch,False,True,brown/wood,faux leather,mid-century,0.879086809470124,,S_52c292d037f8,"Flash Furniture LeatherSoft Swivel Wing Chair, Gray (ZBWINGGYLEA)",867.19,https://www.staples.com/flash-furniture-leathersoft-swivel-wing-chair-gray-zbwinggylea/product_24497742,grey,faux leather,mid-century,0.8752818489289741
W_W117648625,Furniture > Chairs & Seating > Accent & Waiting Room Chairs,Furniture > Chairs & Seating,1.0,42.410071942446045,0.3735011990407674,0.5,0.799980640411377,0.8333333333333334,6,81.33216857910156,0.910491064539029,0.6,15,-0.03255355129650506,True,S_52c292d037f8,False,,STYLE-EXTENSION,Approve,False,Furniture > Chairs & Seating > Accent & Waiting Room Chairs :: price_band=$200–$350 · colour_tone=warm-neutral · style_family=mid-century,3,0.5594336173378494,Armchair and coffee table set with sturdy wood legs,294.99,https://www.wayfair.com/furniture/pdp/latitude-run-armchair-and-coffee-table-set-with-sturdy-wood-legs-w117648625.html?piid=1346375621,Latitude Run,True,False,brown/wood,wood,mid-century,0.842728297632469,white,S_52c292d037f8,"Flash Furniture LeatherSoft Swivel Wing Chair, Gray (ZBWINGGYLEA)",867.19,https://www.staples.com/flash-furniture-leathersoft-swivel-wing-chair-gray-zbwinggylea/product_24497742,grey,faux leather,mid-century,0.8752818489289741
W_MCAQ8472,Furniture > Chairs & Seating > Accent & Waiting Room Chairs,Furniture > Chairs & Seating,1.0,31.115107913669064,0.18525179856115107,0.5,0.7338622212409973,0.75,4,74.03173828125,2.225869116516249,0.6666666666666667,12,0.23280721533258175,True,S_0b12ab9e6768,False,,TRADE-UP,Approve,False,Furniture > Chairs & Seating > Accent & Waiting Room Chairs :: price_band=$350–$600 · colour_tone=light-neutral · style_family=traditional,1,0.6201416151002134,Vireo Contemporary Modern 360° Swivel Wingback Chair,549.99,https://www.wayfair.com/furniture/pdp/harriet-bee-kizi-contemporary-modern-360-swivel-wingback-chair-mcaq8472.html?piid=124567829,Harriet Bee,True,False,beige/cream,boucle,traditional,0.9653325817361894,beige/cream,S_0b12ab9e6768,"Flash Furniture Plastic/Poly Accent Chair, White (FH132DPPWH)",122.99,https://www.staples.com/flash-furniture-plastic-poly-accent-chair-white-fh132dppwh/product_24256993,white,plastic,,0.7325253664036077
W_FOW22045,Furniture > Chairs & Seating > Accent & Waiting Room Chairs,Furniture > Chairs & Seating,1.0,38.92086330935251,0.31534772182254195,0.5,0.8006271719932556,0.8,5,80.03762817382812,1.1093804155028644,0.5666666666666667,12,0.07863585118376548,False,S_8a1479851669,False,,STYLE-EXTENSION,Approve,False,Furniture > Chairs & Seating > Accent & Waiting Room Chairs :: price_band=$350–$600 · colour_tone=light-neutral · style_family=traditional,2,0.5866596332424254,Montrose Wingback Sherpa Swivel Accent Chair,544.14,https://www.wayfair.com/furniture/pdp/modway-montrose-wingback-sherpa-swivel-accent-chair-fow22045.html?piid=108579760,Modway,False,False,beige/cream,boucle,traditional,0.9429255918827508,beige/cream,S_8a1479851669,"bali & pari Eliava Natural Rattan Flower Accent Chair, Natural (238-13407-HiT)",209.99,https://www.staples.com/bali-pari-eliava-natural-rattan-flower-accent-chair-natural-238-13407-hit/product_24767977,brown/wood,wicker/rattan,boho/coastal,0.8642897406989853
W_GOMS1045,Furniture > Chairs & Seating > Accent & Waiting Room Chairs,Furniture > Chairs & Seating,1.0,36.798561151079134,0.27997601918465226,0.5,0.7672711610794067,0.8333333333333334,6,79.3696060180664,1.2920466128543486,0.6,15,-0.00817361894024804,False,S_8a1479851669,False,,STYLE-EXTENSION,Approve,False,Furniture > Chairs & Seating > Accent & Waiting Room Chairs :: price_band=$350–$600 · colour_tone=light-neutral · style_family=traditional,3,0.5710285841921405,Janina Upholstered Arm Chair,469.0,https://www.wayfair.com/furniture/pdp/birch-lane-janina-upholstered-arm-chair-goms1045.html?piid=93494382,Birch Lane,True,False,beige/cream,fabric,traditional,0.8561161217587373,beige/cream,S_8a1479851669,"bali & pari Eliava Natural Rattan Flower Accent Chair, Natural (238-13407-HiT)",209.99,https://www.staples.com/bali-pari-eliava-natural-rattan-flower-accent-chair-natural-238-13407-hit/product_24767977,brown/wood,wicker/rattan,boho/coastal,0.8642897406989853
W_W005396099,Furniture > Chairs & Seating > Breakroom & Dining Chairs,Furniture > Chairs & Seating,1.0,41.58273381294964,0.026378896882494004,1.0,0.751051664352417,0.75,4,75.06310272216797,2.6475451716289657,0.6,3,0.12415445321307783,True,S_8c53e301adf0,False,,TRADE-UP,Approve,False,Furniture > Chairs & Seating > Breakroom & Dining Chairs :: price_band=$400+ · colour_tone=dark-neutral,1,0.530604321330349,Chakevia 19'' H Tufted Velvet Upholstered Metal Side Chair,569.99,https://www.wayfair.com/furniture/pdp/mercer41-chakevia-tufted-velvet-side-chair-w005396099.html?piid=760109692%2C765445694,Mercer41,True,False,black,velvet,modern,0.5527057497181511,black,S_8c53e301adf0,"Flash Furniture Hercules Traditional Vinyl & Metal Vertical Back Restaurant Dining Chair, Black (XUDG6Q2BVRTBLKV)",121.99,https://www.staples.com/Flash-Furniture-Hercules-Series-Black-Vertical-Back-Metal-Restaurant-Chair-XUDG6Q2BVRTBLKV/product_1983416,black,metal,traditional,0.4285512965050733
W_W000577759,Furniture > Chairs & Seating > Breakroom & Dining Chairs,Furniture > Chairs & Seating,1.0,41.58273381294964,0.026378896882494004,1.0,0.751051664352417,0.75,4,75.06310272216797,3.158483905429885,0.6,3,0.09343291995490421,True,S_8c53e301adf0,False,,TRADE-UP,Approve,False,Furniture > Chairs & Seating > Breakroom & Dining Chairs :: price_band=$400+ · colour_tone=dark-neutral,2,0.523145136214969,Clermeau 18'' H Solid Wood Side Chair,679.99,https://www.wayfair.com/furniture/pdp/rosalind-wheeler-clermeau-windsor-back-side-chair-in-antique-black-w000577759.html?piid=762979446,Rosalind Wheeler,False,False,black,wood,farmhouse/rustic,0.5219842164599775,black,S_8c53e301adf0,"Flash Furniture Hercules Traditional Vinyl & Metal Vertical Back Restaurant Dining Chair, Black (XUDG6Q2BVRTBLKV)",121.99,https://www.staples.com/Flash-Furniture-Hercules-Series-Black-Vertical-Back-Metal-Restaurant-Chair-XUDG6Q2BVRTBLKV/product_1983416,black,metal,traditional,0.4285512965050733
W_W100722016,Furniture > Chairs & Seating > Breakroom & Dining Chairs,Furniture > Chairs & Seating,1.0,41.58273381294964,0.026378896882494004,1.0,0.751051664352417,0.75,4,75.06310272216797,3.3907287844303036,0.6,3,0.09089627959413749,True,S_8c53e301adf0,False,,TRADE-UP,Approve,False,Furniture > Chairs & Seating > Breakroom & Dining Chairs :: price_band=$400+ · colour_tone=dark-neutral,3,0.524817102967416,Brazile 20'' H Upholstered Side Chair,729.99,https://www.wayfair.com/furniture/pdp/wildon-home-brazile-side-chair-w100722016.html?piid=410531002%2C410531003,Wildon Home,True,False,black,faux leather,modern,0.5194475760992108,black,S_8c53e301adf0,"Flash Furniture Hercules Traditional Vinyl & Metal Vertical Back Restaurant Dining Chair, Black (XUDG6Q2BVRTBLKV)",121.99,https://www.staples.com/Flash-Furniture-Hercules-Series-Black-Vertical-Back-Metal-Restaurant-Chair-XUDG6Q2BVRTBLKV/product_1983416,black,metal,traditional,0.4285512965050733
W_OCMJ2278,Furniture > Chairs & Seating > Breakroom & Dining Chairs,Furniture > Chairs & Seating,1.0,42.15827338129496,0.03597122302158273,1.0,0.6578124165534973,0.8,5,71.46875,3.863931183587102,0.9333333333333333,6,0.055101465614430634,False,S_0fd80d46122b,False,,STYLE-EXTENSION,Approve,False,Furniture > Chairs & Seating > Breakroom & Dining Chairs :: price_band=$400+,1,0.5808421238326166,Herrick Asher Park Upholstered Arm Chair,839.98,https://www.wayfair.com/furniture/pdp/lark-manor-herrick-reinaldo-upholstered-arm-chair-ocmj2278.html,Lark Manor,True,False,multi/pattern,fabric,traditional,0.7399943630214205,,S_0fd80d46122b,"bali & pari Kyle Bohemian Natural Rattan Dining Chair, Natural/Off-White (212-12803-HiT)",389.49,https://www.staples.com/bali-pari-kyle-bohemian-natural-rattan-dining-chair-natural-off-white-212-12803-hit/product_24687079,brown/wood,wicker/rattan,boho/coastal,0.6848928974069899
W_W110826521,Furniture > Chairs & Seating > Breakroom & Dining Chairs,Furniture > Chairs & Seating,1.0,42.15827338129496,0.03597122302158273,1.0,0.6578124165534973,0.8333333333333334,6,72.80207824707031,4.277979667878007,1.0,6,-0.049887260428410296,False,S_0bdbe5122276,False,,STYLE-EXTENSION,Approve,False,Furniture > Chairs & Seating > Breakroom & Dining Chairs :: price_band=$400+,2,0.5508722461922999,Kyier 0'' H Upholstered Armchair,929.99,https://www.wayfair.com/furniture/pdp/rosdorf-park-kyier-polyester-blend-upholstered-back-armchair-dining-chair-w110826521.html,Rosdorf Park,True,False,multi/pattern,fabric,traditional,0.6202085682074409,,S_0bdbe5122276,"bali & pari Abbey Bohemian Natural Rattan Dining Chair, Natural (248-14054-HiT)",152.79,https://www.staples.com/bali-pari-abbey-bohemian-natural-rattan-dining-chair-natural-248-14054-hit/product_24687088,brown/wood,wicker/rattan,boho/coastal,0.6700958286358512
W_W113126991,Furniture > Chairs & Seating > Breakroom & Dining Chairs,Furniture > Chairs & Seating,1.0,43.02158273381295,0.050359712230215826,1.0,0.7849661707878113,0.75,4,77.09797668457031,3.510336219673922,0.5,11,0.0376268320180384,False,S_05459048b29d,False,,STYLE-EXTENSION,Approve,False,Furniture > Chairs & Seating > Breakroom & Dining Chairs :: price_band=$400+,3,0.5239354238179518,"42"" H Dining Chair(Set of 2)",449.99,https://www.wayfair.com/furniture/pdp/red-barrel-studio-42-h-dining-chairset-of-2-w113126991.html,Red Barrel Studio,True,False,,,modern,0.5759582863585119,,S_05459048b29d,"Linon Home Décor Products Devin Side Chair, Brown, 2/Set (AC100BRN02ASU)",247.99,https://www.staples.com/linon-home-d-cor-products-devin-side-chair-brown-2-set-ac100brn02asu/product_24779177,brown/wood,wood,mid-century,0.5383314543404735
W_W113051715,Furniture > Chairs & Seating > Breakroom & Dining Chairs,Furniture > Chairs & Seating,1.0,41.58273381294964,0.026378896882494004,1.0,0.6610665321350098,0.8,5,71.66399383544922,1.7659423255012598,0.55,8,0.1660090191657272,False,S_0bdbe5122276,False,,TRADE-UP,Approve,False,Furniture > Chairs & Seating > Breakroom & Dining Chairs :: price_band=$400+ · colour_tone=light-neutral · style_family=modern,1,0.6036848012234475,Solid Wood Upholstered Dining Armchair,409.99,https://www.wayfair.com/furniture/pdp/ivy-bronx-solid-wood-upholstered-dining-armchair-w113051715.html?piid=1831660962,Ivy Bronx,True,False,beige/cream,wood,modern,0.8361048478015783,beige/cream,S_0bdbe5122276,"bali & pari Abbey Bohemian Natural Rattan Dining Chair, Natural (248-14054-HiT)",152.79,https://www.staples.com/bali-pari-abbey-bohemian-natural-rattan-dining-chair-natural-248-14054-hit/product_24687088,brown/wood,wicker/rattan,boho/coastal,0.6700958286358512
W_W118341902,Furniture > Chairs & Seating > Breakroom & Dining Chairs,Furniture > Chairs & Seating,1.0,41.223021582733814,0.02038369304556355,1.0,0.6565223336219788,0.8,5,71.39134216308594,6.202485301402019,0.5333333333333334,8,-0.022688838782412568,False,S_0bdbe5122276,False,,STYLE-EXTENSION,Approve,False,Furniture > Chairs & Seating > Breakroom & Dining Chairs :: price_band=$400+ · colour_tone=light-neutral · style_family=modern,2,0.5677329624734038,Modern Barrel Back Upholstered Dining Chairs with Hidden Casters,1440.0,https://www.wayfair.com/furniture/pdp/wade-logan-modern-barrel-back-upholstered-dining-chairs-with-hidden-casters-w118341902.html?piid=842720416,Wade Logan,True,False,beige/cream,engineered wood,modern,0.6474069898534386,beige/cream,S_0bdbe5122276,"bali & pari Abbey Bohemian Natural Rattan Dining Chair, Natural (248-14054-HiT)",152.79,https://www.staples.com/bali-pari-abbey-bohemian-natural-rattan-dining-chair-natural-248-14054-hit/product_24687088,brown/wood,wicker/rattan,boho/coastal,0.6700958286358512
W_W113932236,Furniture > Chairs & Seating > Breakroom & Dining Chairs,Furniture > Chairs & Seating,1.0,40.75539568345324,0.012589928057553957,1.0,0.7829342484474182,0.75,4,76.97605895996094,1.290894484611762,1.0,4,0.32215332581736184,True,S_c43b4582d726,False,,STYLE-EXTENSION,Approve,False,Furniture > Chairs & Seating > Breakroom & Dining Chairs :: price_band=$400+ · colour_tone=light-neutral · style_family=modern,3,0.5412034482617255,Upholstered Fully Assembled Swivel Dining Chair (Set of 2),466.0,https://www.wayfair.com/furniture/pdp/ebern-designs-upholstered-fully-assembled-swivel-dining-chair-set-of-2-w113932236.html?piid=1334657099,Ebern Designs,True,False,beige/cream,boucle,modern,0.6540304396843292,beige/cream,S_c43b4582d726,"Flash Furniture HERCULES™ Vinyl Ladder Back Metal Restaurant Chair, Black, 4/Pack (4XUDG694BBKV)",474.99,https://www.staples.com/flash-furniture-hercules-vinyl-ladder-back-metal-restaurant-chair-black-4-pack-4xudg694bbkv/product_201603,black,vinyl,,0.33187711386696733
W_W110237783,Furniture > Chairs & Seating > Breakroom & Dining Chairs,Furniture > Chairs & Seating,1.0,42.48201438848921,0.04136690647482014,1.0,0.6875144839286804,0.8,5,73.25086975097656,1.1304404539327797,0.7333333333333334,11,0.3167981961668545,False,S_158fd422708e,False,,STYLE-EXTENSION,Approve,False,Furniture > Chairs & Seating > Breakroom & Dining Chairs :: price_band=$250–$400 · colour_tone=dark-neutral,1,0.585263710620035,Modern Tufted Velvet WingBack Black Dining Chair with Metal Legs,259.99,https://www.wayfair.com/furniture/pdp/mercer41-thena-velvet-dining-chair-w110237783.html?piid=1387768402,Mercer41,True,False,black,velvet,traditional,0.8048196166854565,black,S_158fd422708e,"Flash Furniture Hercules Traditional Wood School House Back Restaurant Dining Chair, Mahogany (XUDGW0006MAH)",230.99,https://www.staples.com/flash-furniture-hercules-contemporary-wood-dining-chair-mahogany-finish-xudgw0006mah/product_1983383,brown/wood,wood,traditional,0.48802142051860203
W_W111119256,Furniture > Chairs & Seating > Breakroom & Dining Chairs,Furniture > Chairs & Seating,1.0,41.58273381294964,0.026378896882494004,1.0,0.751051664352417,0.75,4,75.06310272216797,1.5234335082911423,0.55,3,0.1529030439684329,True,S_8c53e301adf0,False,,TRADE-UP,Approve,False,Furniture > Chairs & Seating > Breakroom & Dining Chairs :: price_band=$250–$400 · colour_tone=dark-neutral,2,0.5353533072979635,Slatted Back Dining Chair Solid Wood Side Chair,327.98,https://www.wayfair.com/furniture/pdp/red-barrel-studio-slatted-back-dining-chair-solid-wood-side-chair-w111119256.html?piid=1581357230,Red Barrel Studio,True,False,black,wood,farmhouse/rustic,0.5814543404735062,black,S_8c53e301adf0,"Flash Furniture Hercules Traditional Vinyl & Metal Vertical Back Restaurant Dining Chair, Black (XUDG6Q2BVRTBLKV)",121.99,https://www.staples.com/Flash-Furniture-Hercules-Series-Black-Vertical-Back-Metal-Restaurant-Chair-XUDG6Q2BVRTBLKV/product_1983416,black,metal,traditional,0.4285512965050733
W_W114425556,Furniture > Chairs & Seating > Breakroom & Dining Chairs,Furniture > Chairs & Seating,0.0,41.58273381294964,0.026378896882494004,1.0,0.751051664352417,0.75,4,75.06310272216797,1.350820597604742,0.5333333333333334,3,0.08413190529875991,True,S_8c53e301adf0,False,,STYLE-EXTENSION,Approve,False,Furniture > Chairs & Seating > Breakroom & Dining Chairs :: price_band=$250–$400 · colour_tone=dark-neutral,3,0.5192669286279022,"Rattan Seat Dining Chair With Solid Wood Frame, French Side Chair For Dining Room/Kitchen, No Assembly Required",334.99,https://www.wayfair.com/furniture/pdp/corrigan-studio-rattan-seat-dining-chair-with-solid-wood-frame-french-side-chair-for-dining-roomkitchen-w114425556.html?piid=767957941,Corrigan Studio,True,False,black,wicker/rattan,boho/coastal,0.5126832018038332,black,S_8c53e301adf0,"Flash Furniture Hercules Traditional Vinyl & Metal Vertical Back Restaurant Dining Chair, Black (XUDG6Q2BVRTBLKV)",121.99,https://www.staples.com/Flash-Furniture-Hercules-Series-Black-Vertical-Back-Metal-Restaurant-Chair-XUDG6Q2BVRTBLKV/product_1983416,black,metal,traditional,0.4285512965050733
W_ATF12183,Furniture > Chairs & Seating > Breakroom & Dining Chairs,Furniture > Chairs & Seating,1.0,41.58273381294964,0.026378896882494004,1.0,0.751051664352417,0.75,4,75.06310272216797,5.242509778620105,0.6666666666666666,3,0.19799887260428412,False,S_2780086b4cfa,False,,TRADE-UP,Approve,False,Furniture > Chairs & Seating > Breakroom & Dining Chairs :: price_band=$400+ · colour_tone=bold,1,0.5505714687728559,Haven UPH Side Chair,1300.09,https://www.wayfair.com/furniture/pdp/art-haven-uph-side-chair-atf12183.html,A.R.T.,False,False,blue,,farmhouse/rustic,0.6681228861330327,,S_2780086b4cfa,"Flash Furniture HERCULES Series Vinyl/Metal Window Back Restaurant Dining Chair, Burgundy, 2/Pack (2XU6Q3BWINBRV)",249.09,https://www.staples.com/flash-furniture-hercules-series-vinyl-metal-window-back-restaurant-dining-chair-burgundy-2-pack-2xu6q3bwinbrv/product_24526931,red/pink,vinyl,,0.4701240135287486
W_W118161048,Furniture > Chairs & Seating > Breakroom & Dining Chairs,Furniture > Chairs & Seating,1.0,41.007194244604314,0.016786570743405275,1.0,0.6066977977752686,1.0,3,76.40186309814453,4.225117970474912,0.6875,15,0.1700958286358512,True,S_2780086b4cfa,False,,TRADE-UP,Approve,False,Furniture > Chairs & Seating > Breakroom & Dining Chairs :: price_band=$400+ · colour_tone=bold,2,0.5357306013045477,Velvet Upholstered Rolling Dining Chairs with Wheels,975.96,https://www.wayfair.com/furniture/pdp/wade-logan-velvet-upholstered-rolling-dining-chairs-with-wheels-w118161048.html?piid=1733268945,Wade Logan,True,False,green,velvet,glam,0.6402198421645998,green,S_2780086b4cfa,"Flash Furniture HERCULES Series Vinyl/Metal Window Back Restaurant Dining Chair, Burgundy, 2/Pack (2XU6Q3BWINBRV)",249.09,https://www.staples.com/flash-furniture-hercules-series-vinyl-metal-window-back-restaurant-dining-chair-burgundy-2-pack-2xu6q3bwinbrv/product_24526931,red/pink,vinyl,,0.4701240135287486
W_W114977817,Furniture > Chairs & Seating > Breakroom & Dining Chairs,Furniture > Chairs & Seating,1.0,34.83213429256595,0.026378896882494004,0.8312350119904076,0.7510520219802856,0.75,4,75.06311798095703,2.5403846929311666,0.75,3,0.10710259301014652,True,S_2780086b4cfa,False,,TRADE-UP,Approve,False,Furniture > Chairs & Seating > Breakroom & Dining Chairs :: price_band=$400+ · colour_tone=bold,3,0.5301861090523011,Seymore Velvet Side Chair,629.99,https://www.wayfair.com/furniture/pdp/everly-quinn-zanthia-seymore-velvet-side-chair-w114977817.html?piid=493690725,Everly Quinn,True,False,yellow/orange,velvet,modern,0.5772266065388951,yellow/orange,S_2780086b4cfa,"Flash Furniture HERCULES Series Vinyl/Metal Window Back Restaurant Dining Chair, Burgundy, 2/Pack (2XU6Q3BWINBRV)",249.09,https://www.staples.com/flash-furniture-hercules-series-vinyl-metal-window-back-restaurant-dining-chair-burgundy-2-pack-2xu6q3bwinbrv/product_24526931,red/pink,vinyl,,0.4701240135287486
W_W116872772,Furniture > Chairs & Seating > Office Chairs > Executive,Furniture > Chairs & Seating,1.0,39.35251798561151,0.3225419664268585,0.5,0.7648607492446899,0.6666666666666666,6,72.55831146240234,1.0994181116406911,0.6666666666666666,15,0.11302142051860202,False,S_32a43333ed4e,False,,STYLE-EXTENSION,Approve,False,Furniture > Chairs & Seating > Office Chairs > Executive :: price_band=$300–$400 · colour_tone=light-neutral · style_family=contemporary,1,0.46236156796790834,"Office Chair, Adjustable Height, Swivel, Ergonomic, Armrests",375.99,https://www.wayfair.com/furniture/pdp/hokku-designs-office-chair-adjustable-height-swivel-ergonomic-armrests-w116872772.html?piid=1063297417,Hokku Designs,True,False,white,fabric,contemporary,0.14021984216459976,white,S_32a43333ed4e,"Global Loover Urban Fabric Mesh High Back Weight Sensing Synchro Tilter Chair, Black Coal",592.59,https://www.staples.com/global-loover-urban-fabric-mesh-high-back-weight-sensing-synchro-tilter-chair-black-coal/product_227055,black,fabric,,0.027198421645997745
W_W119994802,Furniture > Chairs & Seating > Office Chairs > Executive,Furniture > Chairs & Seating,0.42010459035444503,39.35251798561151,0.3225419664268585,0.5,0.7648607492446899,0.6666666666666666,6,72.55831146240234,1.0526331179274249,0.75,15,-0.14261555806087936,False,S_bd45f0d54bd6,False,,STYLE-EXTENSION,Approve,False,Furniture > Chairs & Seating > Office Chairs > Executive :: price_band=$300–$400 · colour_tone=light-neutral · style_family=contemporary,2,0.4508300293365487,"Office Chair, Adjustable Height, Swivel, Ergonomic, Armrests, Computer Desk, Work, Grey Mesh, White Metal, Contemporary, Modern",359.99,https://www.wayfair.com/furniture/pdp/latitude-run-office-chair-adjustable-height-swivel-ergonomic-armrests-computer-desk-work-grey-mesh-white-metal-contemporary-modern-w119994802.html,Latitude Run,True,False,white,mesh,contemporary,0.08385005636978579,,S_bd45f0d54bd6,"STAPLES Bentura Ergonomic Manager & Executive Office Chair, High Back Swivel, Adjustable Height, Bonded Leather, Black",159.99,https://www.staples.com/staples-bentura-bonded-leather-managers-chair-black-53234/product_24328572,black,bonded leather,contemporary,0.22646561443066515
W_W112889137,Furniture > Chairs & Seating > Office Chairs > Executive,Furniture > Chairs & Seating,0.0,43.20143884892086,0.38669064748201437,0.5,0.7685561180114746,1.0,5,86.11337280273438,1.0972255981110455,0.6666666666666667,15,0.1781285231116122,False,S_4da9df1ecb97,False,,STYLE-EXTENSION,Approve,False,Furniture > Chairs & Seating > Office Chairs > Executive :: price_band=$300–$400 · colour_tone=light-neutral · style_family=contemporary,3,0.4265308651163452,"Vinsetto Massage Office Chair With Foot Rest, Executive Office Chair With 6 Vibration Point And Heat, Reclining Computer Chair, Swivel Desk Chair, Adjustable Height",315.99,https://www.wayfair.com/furniture/pdp/hokku-designs-vinsetto-massage-office-chair-with-foot-rest-executive-office-chair-with-6-vibration-point-and-heat-reclining-computer-chair-swivel-desk-chair-adjustable-height-w112889137.html?piid=256522455,Hokku Designs,True,False,beige/cream,fabric,contemporary,0.32313979706877116,beige/cream,S_4da9df1ecb97,"Serta Hannah I Ergonomic Microfiber Swivel Executive Chair, Black (43670D)",238.74,https://www.staples.com/serta-hannah-i-fabric-executive-chair-black-43670d/product_24454812,black,fabric,,0.14501127395715896
W_W113865562,Furniture > Chairs & Seating > Sofas & Benches > Benches & Beam Seating,Furniture > Chairs & Seating,1.0,39.02877697841727,0.1672661870503597,0.724820143884892,0.8060327172279358,1.0,4,88.36196899414062,1.238106576503643,0.75,15,0.12655016910935746,False,S_1bdc7c6c4427,False,,STYLE-EXTENSION,Approve,False,Furniture > Chairs & Seating > Sofas & Benches > Benches & Beam Seating :: price_band=$250–$400,1,0.4895947906317813,Counter Height 1Pc Bench Dining Room Faux Leather Cushion Tufted Seat Wooden Base Comfort Seat Kitchen Dining,259.99,https://www.wayfair.com/shop-office-spaces/pdp/lark-manor-counter-height-1pc-bench-dining-room-faux-leather-cushion-tufted-seat-wooden-base-comfort-seat-kitchen-dining-w113865562.html?piid=31218091,Lark Manor,True,False,black,faux leather,farmhouse/rustic,0.6988444193912063,black,S_1bdc7c6c4427,"Winsome Monza Storage Bench with Cushion Seat, Espresso (94143)",260.59,https://www.staples.com/Winsome-Monza-Storage-Bench-with-Cushion-Seat-Espresso-94143/product_2073081,brown/wood,faux leather,,0.5722942502818489
W_W113865613,Furniture > Chairs & Seating > Sofas & Benches > Benches & Beam Seating,Furniture > Chairs & Seating,1.0,46.47482014388489,0.1079136690647482,1.0,0.8036476969718933,1.0,5,88.21886444091797,1.27273936759945,0.8,7,-0.06848928974069901,False,S_cd78f3be8f96,False,,STYLE-EXTENSION,Approve,False,Furniture > Chairs & Seating > Sofas & Benches > Benches & Beam Seating :: price_band=$250–$400,2,0.4662340518022471,Ash Gray Contemporary Solid Wood Veneer Dining Room 1Pc Bench Cream Cushion Seat Unique Legs Bench,286.99,https://www.wayfair.com/shop-office-spaces/pdp/gracie-oaks-ash-gray-contemporary-solid-wood-veneer-dining-room-1pc-bench-cream-cushion-seat-unique-legs-bench-w113865613.html,Gracie Oaks,True,False,grey,wood,contemporary,0.5689120631341601,,S_cd78f3be8f96,"bali & pari Cacaban Natural Rattan Bench, Light Honey (211-12747-HiT)",125.99,https://www.staples.com/bali-pari-cacaban-natural-rattan-bench-light-honey-211-12747-hit/product_24767924,brown/wood,wicker/rattan,boho/coastal,0.6374013528748591
W_W123521540,Furniture > Chairs & Seating > Sofas & Benches > Benches & Beam Seating,Furniture > Chairs & Seating,1.0,44.78417266187051,0.07973621103117506,1.0,0.7338178753852844,1.0,5,84.0290756225586,1.3636528933133325,0.8857142857142858,15,-0.024239007891769915,False,S_689a924b2a66,False,,STYLE-EXTENSION,Approve,False,Furniture > Chairs & Seating > Sofas & Benches > Benches & Beam Seating :: price_band=$250–$400,3,0.4698840258207504,"Mid-Century Modern Reception Waiting Bench, Commercial PU Leather Seating with Tufted Backrest, Nailhead Trim and High-Density Sponge Padding, Space-Saving Heavy Duty Ergonomic Bench",299.99,https://www.wayfair.com/shop-office-spaces/pdp/george-oliver-mid-century-modern-reception-waiting-bench-commercial-pu-leather-seating-with-tufted-backrest-nailhead-trim-and-high-density-sponge-padding-space-saving-heavy-duty-ergonomic-bench-w123521540.html?piid=1618748671,George Oliver,True,False,black,faux leather,mid-century,0.5005636978579482,black,S_689a924b2a66,"bali & pari Seranay Natural Rattan Bench, Light Honey and White (252-14111-HiT)",429.99,https://www.staples.com/bali-pari-seranay-natural-rattan-bench-light-honey-and-white-252-14111-hit/product_24767930,brown/wood,wicker/rattan,boho/coastal,0.5248027057497181
W_LS10309,Furniture > Chairs & Seating > Sofas & Benches > Benches & Beam Seating,Furniture > Chairs & Seating,1.0,41.223021582733814,0.02038369304556355,1.0,0.6769862174987793,1.0,4,80.61917114257812,3.5072054977178317,0.75,15,-0.08046786922209692,False,S_a34ef422139b,False,,STYLE-EXTENSION,Approve,False,Furniture > Chairs & Seating > Sofas & Benches > Benches & Beam Seating :: price_band=$400+ · colour_tone=dark-neutral,1,0.45667430727699565,Gansett Waiting Reception 2 Seat Bench Metal Frame,683.87,"https://www.wayfair.com/shop-office-spaces/pdp/lesro-gansett-waiting-reception-2-seat-bench-metal-frame-ls10309.html?piid=50878828%2C133111633&auctionId=c396ff8d-fffb-4548-b9d2-342255c5114d&trackingId={""adType"":""WSP"",""auctionId"":""c396ff8d-fffb-4548-b9d2-342255c5114d""}&adTypeId=1",Lesro,False,True,navy,metal,,0.33920518602029315,navy,S_a34ef422139b,"Whitmor Metal Bench, Brown (6764-9965-SIOC)",73.59,https://www.staples.com/whitmor-metal-bench-brown-6764-9965-sioc/product_24626130,black,metal,industrial,0.41967305524239007
W_W001907781,Furniture > Chairs & Seating > Sofas & Benches > Benches & Beam Seating,Furniture > Chairs & Seating,0.32981530343007925,37.170263788968825,0.09112709832134293,0.7925659472422062,0.7232652306556702,1.0,4,83.39591979980469,3.5370255726463165,0.75,15,0.0012683201803833088,False,S_7dac80e1aae3,False,,STYLE-EXTENSION,Approve,False,Furniture > Chairs & Seating > Sofas & Benches > Benches & Beam Seating :: price_band=$400+ · colour_tone=dark-neutral,2,0.4566117515222599,Brooklyn Waiting Reception 3 Seat Bench Wood Frame,742.74,"https://www.wayfair.com/shop-office-spaces/pdp/lesro-brooklyn-waiting-reception-3-seat-bench-wood-frame-w001907781.html?piid=1783733332%2C1783733337&auctionId=c396ff8d-fffb-4548-b9d2-342255c5114d&trackingId={""adType"":""WSP"",""auctionId"":""c396ff8d-fffb-4548-b9d2-342255c5114d""}&adTypeId=1",Lesro,False,True,black,wood,contemporary,0.3883878241262683,black,S_7dac80e1aae3,"Winsome Townsend Bench With Black Cushion Seat, Dark Espresso (92633)",175.29,https://www.staples.com/Winsome-Townsend-Bench-With-Black-Cushion-Seat-Dark-Espresso/product_55688,brown/wood,wood,,0.387119503945885
W_W002437027,Furniture > Chairs & Seating > Sofas & Benches > Benches & Beam Seating,Furniture > Chairs & Seating,0.32981530343007925,37.170263788968825,0.09112709832134293,0.7925659472422062,0.7232655882835388,1.0,4,83.39593505859375,2.9705224058288486,0.75,15,0.0012683201803833088,False,S_7dac80e1aae3,False,,STYLE-EXTENSION,Approve,False,Furniture > Chairs & Seating > Sofas & Benches > Benches & Beam Seating :: price_band=$400+ · colour_tone=dark-neutral,3,0.4566116752283146,Brooklyn Waiting Reception 2 Seat Bench Wood Frame,623.78,"https://www.wayfair.com/shop-office-spaces/pdp/lesro-brooklyn-waiting-reception-2-seat-bench-wood-frame-w002437027.html?piid=1223324242%2C1223324243&auctionId=d9971e18-7484-44a6-a72d-d8b099fdc5c6&trackingId={""adType"":""WSP"",""auctionId"":""d9971e18-7484-44a6-a72d-d8b099fdc5c6""}&adTypeId=1",Lesro,False,True,black,wood,contemporary,0.3883878241262683,black,S_7dac80e1aae3,"Winsome Townsend Bench With Black Cushion Seat, Dark Espresso (92633)",175.29,https://www.staples.com/Winsome-Townsend-Bench-With-Black-Cushion-Seat-Dark-Espresso/product_55688,brown/wood,wood,,0.387119503945885
W_W112976226,Furniture > Chairs & Seating > Stools & Ottomans > Counter & Bar Stools > Bar,Furniture > Chairs & Seating,1.0,56.18705035971223,0.2697841726618705,1.0,0.7200838327407837,0.8,5,75.20502471923828,1.059950475693992,0.8333333333333334,15,0.4255918827508455,True,S_072b1557e156,False,,STYLE-EXTENSION,Approve,False,Furniture > Chairs & Seating > Stools & Ottomans > Counter & Bar Stools > Bar :: price_band=$150–$250,1,0.5771933784183816,19.5'' Seat Height Upholstered Rattan Back Dining Chair (Set of 2),243.99,https://www.wayfair.com/furniture/pdp/george-oliver-195-seat-height-upholstered-rattan-back-dining-chair-set-of-2-w112976226.html,George Oliver,True,False,,wicker/rattan,mid-century,0.8730270574971815,,S_072b1557e156,"Flash Furniture HERCULES Traditional Metal School House Back Barstool, Black/Natural Wood, 2-Pieces/Pack (2XU6R8BSCHBARNW)",256.29,https://www.staples.com/flash-furniture-hercules-traditional-metal-school-house-back-barstool-black-natural-wood-2-pieces-pack-2xu6r8bschbarnw/product_24513266,black,metal,traditional,0.447435174746336
W_W112389258,Furniture > Chairs & Seating > Stools & Ottomans > Counter & Bar Stools > Bar,Furniture > Chairs & Seating,0.18309859154929564,67.44604316546763,0.45743405275779375,1.0,0.7878023982048035,0.75,4,77.26815032958984,1.4704200422084555,0.7333333333333334,15,0.2683201803833145,True,S_3e4d64204eaa,False,,STYLE-EXTENSION,Approve,False,Furniture > Chairs & Seating > Stools & Ottomans > Counter & Bar Stools > Bar :: price_band=$150–$250,2,0.5689461716347644,Swivel Faux Leather Upholstered Barstools Adjutable Height Counter Stool with Metal Frame,215.99,https://www.wayfair.com/furniture/pdp/ivy-bronx-swivel-faux-leather-upholstered-barstools-adjutable-height-counter-stool-with-metal-frame-w112389258.html?piid=1715717212,Ivy Bronx,True,False,grey,faux leather,mid-century,0.8042559188275085,grey,S_3e4d64204eaa,"Flash Furniture Madrid Series Retro Barstool, Gold (CH181220GD)",109.03999999999999,https://www.staples.com/flash-furniture-madrid-series-retro-barstool-gold-ch181220gd/product_24513886,metallic,metal,mid-century,0.535935738444194
W_W006931910,Furniture > Chairs & Seating > Stools & Ottomans > Counter & Bar Stools > Bar,Furniture > Chairs & Seating,0.8622327790973872,63.92086330935251,0.3986810551558753,1.0,0.7650007009506226,1.0,4,85.9000473022461,1.0251531343672617,0.8,15,0.40572153325817367,False,S_85a31b78430f,False,,STYLE-EXTENSION,Approve,False,Furniture > Chairs & Seating > Stools & Ottomans > Counter & Bar Stools > Bar :: price_band=$150–$250,3,0.5383193633212312,Canalou 18.7'' H Faux Leather Upholstered Parsons Chair,235.98,https://www.wayfair.com/furniture/pdp/willa-arlo-interiors-canalou-upholstered-parsons-chair-w006931910.html?piid=1772762150,Willa Arlo Interiors,True,False,grey,faux leather,contemporary,0.8727452085682075,grey,S_85a31b78430f,"Flash Furniture Cyprus Contemporary Steel/Wood Slat Back Barstool, Black/Copper, 2-Pieces/Pack (2XUCH10443BACP)",228.04,https://www.staples.com/flash-furniture-cyprus-contemporary-steel-wood-slat-back-barstool-black-copper-2-pieces-pack-2xuch10443bacp/product_24607131,brown/wood,wood,contemporary,0.4670236753100338
W_W113344607,Furniture > Chairs & Seating > Stools & Ottomans > Counter & Bar Stools > Bar,Furniture > Chairs & Seating,0.8622327790973872,49.89208633093526,0.16486810551558753,1.0,0.6688793897628784,0.8,5,72.13276672363281,2.2068725835179634,0.8,15,0.2583145434047351,False,S_b9bd3648b81e,False,,TRADE-UP,Approve,False,Furniture > Chairs & Seating > Stools & Ottomans > Counter & Bar Stools > Bar :: price_band=$400+ · colour_tone=light-neutral,1,0.5610905242355996,"Set of 6 Upholstered 18"" Seat Height Full Back Side Chair",508.0,https://www.wayfair.com/furniture/pdp/george-oliver-set-of-6-upholstered-18-seat-height-full-back-side-chair-w113344607.html?piid=1385410959,George Oliver,True,False,beige/cream,engineered wood,modern,0.6431792559188275,beige/cream,S_b9bd3648b81e,"Flash Furniture Wright Transitional Steel Boomerang Back Barstool, Black/Walnut/Blue (XUDG6V6BLVWAL)",159.99,https://www.staples.com/flash-furniture-wright-transitional-steel-boomerang-back-barstool-black-walnut-blue-xudg6v6blvwal/product_24547383,black,metal,transitional,0.38486471251409243
W_TQAA1523,Furniture > Chairs & Seating > Stools & Ottomans > Counter & Bar Stools > Bar,Furniture > Chairs & Seating,0.8622327790973872,47.33812949640288,0.1223021582733813,1.0,0.6925392150878906,1.0,3,81.55235290527344,4.881305018982853,0.8,13,0.37415445321307783,True,S_32fe42e2ad99,False,,TRADE-UP,Approve,False,Furniture > Chairs & Seating > Stools & Ottomans > Counter & Bar Stools > Bar :: price_band=$400+ · colour_tone=light-neutral,2,0.5594449024525678,"Modern 63"" Faux Marble Dining Table Set with Spring-Supported PU Leather Chairs",1170.0,https://www.wayfair.com/furniture/pdp/trq-63-faux-marble-dining-table-set-with-pu-leather-chairs-and-spring-wrapped-soft-pad-tqaa1523.html?piid=117431214%2C131316160%2C131316161,TRQ,False,False,white,faux leather,modern,0.8927564825253664,white,S_32fe42e2ad99,Flash Furniture Ghost Barstool in Transparent Crystal with Oval Back (OWGHOSTBACK29),129.09,https://www.staples.com/Ghost-Barstool-in-Transparent-Crystal-with-Oval-Back-OWGHOSTBACK29/product_24070346,clear,plastic,contemporary,0.5186020293122886
W_W005484405,Furniture > Chairs & Seating > Stools & Ottomans > Counter & Bar Stools > Bar,Furniture > Chairs & Seating,0.0,36.73860911270983,0.2805755395683453,0.49760191846522783,0.7114015221595764,1.0,3,82.68409729003906,1.9072781655034896,0.3333333333333333,15,0.39388387824126264,False,S_6f48029f8ef5,False,,TRADE-UP,Approve,False,Furniture > Chairs & Seating > Stools & Ottomans > Counter & Bar Stools > Bar :: price_band=$400+ · colour_tone=light-neutral,3,0.5410341492231427,"Lolley 20.75"" Wide Barrel Chair",439.99,https://www.wayfair.com/furniture/pdp/mercury-row-lolley-2075-wide-barrel-chair-w005484405.html,Mercury Row,True,False,clear,plastic,mid-century,0.8472378804960541,,S_6f48029f8ef5,Flash Furniture 29.75'' High Transparent Barstool (FH-118-APC2-GG),119.39,https://www.staples.com/29-75-High-Transparent-Barstool-FH-118-APC2-GG/product_2547634,clear,vinyl,,0.45335400225479144
W_W119691152,Furniture > Chairs & Seating > Stools & Ottomans > Counter & Bar Stools > Counter,Furniture > Chairs & Seating,1.0,44.24460431654676,0.07074340527577938,1.0,0.645944356918335,0.8,5,70.75666046142578,1.4083086795283137,0.55,15,-0.06383878241262675,False,S_582633cfff78,False,,STYLE-EXTENSION,Approve,False,Furniture > Chairs & Seating > Stools & Ottomans > Counter & Bar Stools > Counter :: price_band=$250–$350 · colour_tone=light-neutral,1,0.5717453628301352,"Modern Elegant Shell Dining Chair, Comfortable Accent Swivel Chair- Soft Padded Seat, Ergonomic Design (Set of 4)",337.98,https://www.wayfair.com/furniture/pdp/everly-quinn-swivel-dining-chair-w119691152.html?piid=1853668515,Everly Quinn,True,False,beige/cream,fabric,modern,0.660935738444194,beige/cream,S_582633cfff78,"bali & pari Ayu Bohemian Natural Rattan with back Counter Stool, Natural (252-14026-HiT)",239.99,https://www.staples.com/bali-pari-ayu-bohemian-natural-rattan-with-back-counter-stool-natural-252-14026-hit/product_24767911,brown/wood,wicker/rattan,boho/coastal,0.7247745208568207
W_W116905092,Furniture > Chairs & Seating > Stools & Ottomans > Counter & Bar Stools > Counter,Furniture > Chairs & Seating,0.27977839335180055,57.94964028776979,0.29916067146282976,1.0,0.7162527441978455,0.75,4,72.97517395019531,1.4835430518160337,0.5,15,0.23858511837655016,True,S_d610d0a963c3,False,,STYLE-EXTENSION,Approve,False,Furniture > Chairs & Seating > Stools & Ottomans > Counter & Bar Stools > Counter :: price_band=$250–$350 · colour_tone=light-neutral,2,0.564180638774003,"20.4"" W Contemporary Side Chair, White (2/CTN)",269.99,https://www.wayfair.com/furniture/pdp/latitude-run-204-w-contemporary-side-chair-espresso-2ctn-w116905092.html?piid=1507245425,Latitude Run,True,False,white,faux leather,contemporary,0.6864430665163472,brown/wood,S_d610d0a963c3,Flash Furniture 25.75'' High Transparent Counter Height Stool (FH-118-APC1-GG),105.99,https://www.staples.com/25-75-High-Transparent-Counter-Height-Stool-FH-118-APC1-GG/product_2547649,clear,vinyl,,0.44785794813979707
W_W003543420,Furniture > Chairs & Seating > Stools & Ottomans > Counter & Bar Stools > Counter,Furniture > Chairs & Seating,0.6153846153846154,57.94964028776979,0.29916067146282976,1.0,0.7162527441978455,0.75,4,72.97517395019531,1.615363481509973,0.5333333333333334,15,0.0687711386696731,False,S_2a196f1141d6,False,,STYLE-EXTENSION,Approve,False,Furniture > Chairs & Seating > Stools & Ottomans > Counter & Bar Stools > Counter :: price_band=$250–$350 · colour_tone=light-neutral,3,0.5566480084524617,Brunet Solid Wood Cross Back Side Chair in Antique White,293.98,https://www.wayfair.com/furniture/pdp/gracie-oaks-brunet-solid-wood-cross-back-side-chair-in-antique-white-w003543420.html,Gracie Oaks,True,False,white,wood,farmhouse/rustic,0.6631905298759865,,S_2a196f1141d6,"bali & pari Muy Bohemian Natural Rattan without back Counter Stool, Honey and White (252-13663-HiT)",116.99,https://www.staples.com/bali-pari-muy-bohemian-natural-rattan-without-back-counter-stool-honey-and-white-252-13663-hit/product_24767903,brown/wood,wicker/rattan,boho/coastal,0.5944193912063134
W_W116599531,Furniture > Chairs & Seating > Stools & Ottomans > Counter & Bar Stools > Counter,Furniture > Chairs & Seating,0.12751677852348986,62.37410071942446,0.37290167865707435,1.0,0.766257107257843,0.75,4,75.97543334960938,1.0483061996382175,0.72,15,0.14571589627959414,False,S_78f101cd378f,False,,STYLE-EXTENSION,Approve,False,Furniture > Chairs & Seating > Stools & Ottomans > Counter & Bar Stools > Counter :: price_band=$250–$350 · colour_tone=mid-neutral,1,0.5880537912864428,Gray Rustic Ladderback Dining Chair (2Pcs) With Upholstered Seat Pad 2 Piece In Colorway,254.99,https://www.wayfair.com/furniture/pdp/hokku-designs-gray-rustic-ladderback-dining-chair-2pcs-with-upholstered-seat-pad-2-piece-in-colorway-w116599531.html,Hokku Designs,True,False,grey,fabric,farmhouse/rustic,0.8594983089064262,,S_78f101cd378f,"Linon Home Decor Products Darby Counter Stool, Brown, 2-Pieces (AC1857BRN02ASU)",303.59,https://www.staples.com/linon-home-decor-products-darby-counter-stool-brown-2-pieces-ac1857brn02asu/product_24779168,brown/wood,wood,traditional,0.7137824126268321
W_W110510985,Furniture > Chairs & Seating > Stools & Ottomans > Counter & Bar Stools > Counter,Furniture > Chairs & Seating,0.4420600858369098,52.44604316546763,0.20743405275779375,1.0,0.7009428143501282,0.75,4,72.05656433105469,1.3154908732116428,0.75,15,-0.12908680947012396,False,S_1c1d3cc046b1,False,,STYLE-EXTENSION,Approve,False,Furniture > Chairs & Seating > Stools & Ottomans > Counter & Bar Stools > Counter :: price_band=$250–$350 · colour_tone=mid-neutral,2,0.5674037784075925,Cailly 26'' H Upholstered Side Chair,319.98,https://www.wayfair.com/furniture/pdp/august-grove-cailly-cross-back-side-chair-in-brown-w110510985.html,August Grove,False,False,grey,fabric,farmhouse/rustic,0.6623449830890643,,S_1c1d3cc046b1,"Linon Home Decor Products Lola Counter Stool, Black, 2-Pieces (AC205BLKW02ASU)",243.24,https://www.staples.com/linon-home-decor-products-lola-counter-stool-black-2-pieces-ac205blkw02asu/product_24779169,black,wood,farmhouse/rustic,0.7914317925591883
W_W113924138,Furniture > Chairs & Seating > Stools & Ottomans > Counter & Bar Stools > Counter,Furniture > Chairs & Seating,0.0,57.23021582733813,0.2871702637889688,1.0,0.7603977918624878,0.8,5,77.62387084960938,1.2830907414090382,0.6,15,0.24224915445321304,True,S_f888040e859e,False,,STYLE-EXTENSION,Approve,False,Furniture > Chairs & Seating > Stools & Ottomans > Counter & Bar Stools > Counter :: price_band=$250–$350 · colour_tone=mid-neutral,3,0.5437931529241861,Lampert Swivel Counter Stool with Pewter PU in Espresso (2 Per Carton),319.99,https://www.wayfair.com/furniture/pdp/winston-porter-lampert-swivel-counter-stool-with-pewter-pu-in-espresso-2-per-carton-w113924138.html?piid=498150999,Winston Porter,True,False,grey,faux leather,scandinavian,0.6950394588500564,black,S_f888040e859e,"Iceberg® CafeWorks Bistro Stool, Graphite",233.29,https://www.staples.com/iceberg-cafeworks-bistro-stool-graphite/product_943843,grey,metal,contemporary,0.4527903043968433
W_W121080333,Furniture > Desks > Office Desks > Computer,Furniture > Desks,1.0,36.69172932330827,0.2781954887218045,0.5,0.6935203671455383,0.8,5,73.61122131347656,3.755588938744045,0.4375,15,0.37089337175792503,True,S_64d135adc67b,False,,TRADE-UP,Approve,False,Furniture > Desks > Office Desks > Computer :: price_band=$600+ · style_family=mid-century,1,0.6163346294917016,Retro Carved Brown Solid Wood Writing Desk,1899.99,https://www.wayfair.com/shop-product-type/pdp/astoria-grand-retro-carved-brown-solid-wood-writing-desk-w121080333.html?piid=1188147977,Astoria Grand,True,False,brown/wood,wood,mid-century,0.9613832853025936,,S_64d135adc67b,"Sauder Palladia 53""W Computer Desk, Vintage Oak (422002)",489.99,https://www.staples.com/sauder-palladia-53-w-computer-desk-vintage-oak-422002/product_24698725,brown/wood,engineered wood,,0.5904899135446686
W_W114378340,Furniture > Desks > Office Desks > Computer,Furniture > Desks,1.0,68.72180451127818,0.8120300751879699,0.5,0.7901539206504822,0.8,5,79.40923309326172,1.0039113938904027,0.8333333333333334,15,0.10432276657060513,True,S_0f42b0c7d026,False,,STYLE-EXTENSION,Approve,False,Furniture > Desks > Office Desks > Computer :: price_band=$600+ · style_family=mid-century,2,0.5375615487249852,"William 60""W Solid Wood Base Fluted Desk with Cable Management and Power Outlets",769.99,https://www.wayfair.com/shop-product-type/pdp/canora-grey-william-60w-solid-wood-base-fluted-desk-with-cable-management-and-power-outlets-w114378340.html?piid=185868860,Canora Grey,True,False,,wood,mid-century,0.6945244956772334,,S_0f42b0c7d026,"Bush Furniture Cabot 60""W Computer Desk with Hutch, Espresso Oak (CAB042EPO)",471.65,https://www.staples.com/bush-furniture-cabot-60w-computer-desk-with-hutch-espresso-oak-cab042epo/product_24337183,brown/wood,engineered wood,traditional,0.5902017291066283
W_W115067261,Furniture > Desks > Office Desks > Computer,Furniture > Desks,0.6020343293070566,53.045112781954884,0.5507518796992481,0.5,0.7905015349388123,0.8,5,79.43009185791016,5.857842214272265,0.5555555555555556,15,0.19510086455331416,False,S_ca3f92e12887,False,,TRADE-UP,Approve,False,Furniture > Desks > Office Desks > Computer :: price_band=$600+ · style_family=mid-century,3,0.5218479119666372,Chinese style retro computer desk,2799.99,https://www.wayfair.com/shop-product-type/pdp/red-barrel-studio-chinese-style-retro-computer-desk-w115067261.html?piid=148204174,Red Barrel Studio,True,False,,wood,mid-century,0.615850144092219,,S_ca3f92e12887,"Winsome Solid Wood Folding Computer Desk, Natural (81140)",159.99,https://www.staples.com/winsome-solid-wood-folding-computer-desk-natural/product_55587,beige/cream,wood,minimalist,0.4207492795389049
W_W118702320,Furniture > Desks > Office Desks > Computer,Furniture > Desks,0.0,82.80075187969925,0.7133458646616542,1.0,0.7897722125053406,0.6,5,71.3863296508789,2.962788295573465,0.5,15,0.24466858789625356,True,S_a473dc0d346b,False,,TRADE-UP,Approve,False,Furniture > Desks > Office Desks > Computer :: price_band=$600+ · style_family=minimalist,1,0.5514534165879834,Italian Minimalist Smoky-colored Office Desk,2179.99,https://www.wayfair.com/shop-product-type/pdp/wrought-studio-italian-minimalist-smoky-colored-office-desk-w118702320.html?piid=1706385842,Wrought Studio,True,False,brown/wood,wood,minimalist,0.5674351585014409,,S_a473dc0d346b,"HON 10500 Series Double Pedestal Desk, 2 Box/2 File Drawers, 60""W, Mocha Finish (HON10573MOMO)",1125.99,https://www.staples.com/hon-10500-series-double-pedestal-desk-2-box-2-file-drawers-60-w-mocha-finish-hon10573momo/product_2772927,brown/wood,engineered wood,,0.3227665706051873
W_W116298252,Furniture > Desks > Office Desks > Computer,Furniture > Desks,0.6020343293070566,62.80075187969925,0.7133458646616542,0.5,0.7897722125053406,0.6,5,71.3863296508789,2.1065657320702917,0.9333333333333333,15,0.10000000000000003,True,S_4b041f899005,False,,TRADE-UP,Approve,False,Furniture > Desks > Office Desks > Computer :: price_band=$600+ · style_family=minimalist,2,0.5375825664632945,Exquisite and Elegant Desk,1549.99,https://www.wayfair.com/shop-product-type/pdp/orren-ellis-amico-w116298252.html?piid=1994850456,Orren Ellis,True,False,beige/cream,wood,minimalist,0.5086455331412104,,S_4b041f899005,"Bush Business Furniture Westfield 60W x 24D Office Desk with Mobile File Cabinet, Hansen Cherry (SRC025HCSU)",766.99,https://www.staples.com/bush-business-furniture-westfield-60w-x-24d-office-desk-with-mobile-file-cabinet-hansen-cherry-src025hcsu/product_88197,brown/wood,engineered wood,contemporary,0.4086455331412104
W_CZYN1263,Furniture > Desks > Office Desks > Computer,Furniture > Desks,0.6020343293070566,70.0751879699248,0.8345864661654135,0.5,0.7854779958724976,0.8,5,79.1286849975586,2.3110081545961765,0.3,15,0.05994236311239198,True,S_a7cdc8e0d8c0,False,,TRADE-UP,Approve,False,Furniture > Desks > Office Desks > Computer :: price_band=$600+ · style_family=minimalist,3,0.5306231304547973,Walnut Rectangular Solid Wood desks,2099.99,https://www.wayfair.com/shop-product-type/pdp/cozynest-walnut-rectangular-solid-wood-desks-czyn1263.html?piid=107770340,Cozynest,False,False,brown/wood,wood,minimalist,0.660806916426513,,S_a7cdc8e0d8c0,"Whalen Abington 60""W Wood Computer Desk, Dusty Aged Oak/Antique White (SPUS-ABTD)",199.99,https://www.staples.com/whalen-abington-60-w-computer-desk-dusty-aged-oak-antique-white-spus-abtd/product_2736557,white,engineered wood,contemporary,0.600864553314121
W_CZYN1117,Furniture > Desks > Office Desks > Computer,Furniture > Desks,0.6020343293070566,87.5375939849624,0.7922932330827067,1.0,0.7909945845603943,0.6666666666666666,6,74.1263427734375,2.108972838074148,0.5333333333333334,15,0.2645533141210375,True,S_dd7dd3fc0c9a,False,,TRADE-UP,Approve,False,Furniture > Desks > Office Desks > Computer :: price_band=$600+ · style_family=farmhouse/rustic · colour_tone=warm-neutral,1,0.5775406758585993,Walnut Rectangular Solid Wood desks,2399.99,https://www.wayfair.com/shop-product-type/pdp/cozynest-walnut-rectangular-solid-wood-desks-czyn1117.html?piid=107284041%2C107284045,Cozynest,False,False,brown/wood,wood,farmhouse/rustic,0.7481268011527378,,S_dd7dd3fc0c9a,"Bush Business Furniture Westfield 72""W Left Handed Corner Desk, Mocha Cherry (WC12932)",347.69,https://www.staples.com/bush-business-furniture-westfield-72w-left-handed-corner-desk-mocha-cherry-wc12932/product_569861,brown/wood,engineered wood,contemporary,0.4835734870317003
W_TFDR1258,Furniture > Desks > Office Desks > Computer,Furniture > Desks,1.0,43.79699248120301,0.3966165413533835,0.5,0.7864931225776672,0.75,4,77.18959045410156,1.7699285382419965,0.5,15,0.5587896253602305,True,S_4f2906ae390c,False,,TRADE-UP,Approve,False,Furniture > Desks > Office Desks > Computer :: price_band=$600+ · style_family=farmhouse/rustic · colour_tone=warm-neutral,2,0.5619800150016543,Braydan 2-Drawer Desk with Hand-Turned Legs- Coffee Brown,799.99,https://www.wayfair.com/shop-product-type/pdp/one-allium-way-braydan-2-drawer-desk-with-hand-turned-legs-tfdr1258.html?piid=135796583,One Allium Way,False,False,brown/wood,wood,farmhouse/rustic,0.7636887608069164,brown/wood,S_4f2906ae390c,"Regency Kee 66"" Single Mobile Pedestal Desk- Mahogany/ Chrome (MTSPM6624MHBPCM)",451.99,https://www.staples.com/Regency-Kee-66-Single-Mobile-Pedestal-Desk-Mahogany-Chrome-MTSPM6624MHBPCM/product_24195324,brown/wood,engineered wood,,0.2048991354466859
W_DOOV1278,Furniture > Desks > Office Desks > Computer,Furniture > Desks,0.3361611876988335,80.99624060150377,0.6832706766917294,1.0,0.7857285737991333,0.8333333333333334,6,80.47705078125,4.318257233118935,0.4166666666666667,15,0.3636887608069164,True,S_f030532e095d,False,,TRADE-UP,Approve,False,Furniture > Desks > Office Desks > Computer :: price_band=$600+ · style_family=farmhouse/rustic · colour_tone=warm-neutral,3,0.5593531284002474,Burlywood Rectangular Solid Wood desk,1899.99,https://www.wayfair.com/shop-product-type/pdp/groove-interior-burlywood-rectangular-solid-wood-desk-doov1278.html?piid=109518450,Groove Interior,False,False,brown/wood,wood,farmhouse/rustic,0.8210374639769452,,S_f030532e095d,"Offices To Go Superior Laminate 60"" Rectangular Desk Shell, Autumn Walnut",333.59,https://www.staples.com/offices-to-go-superior-laminate-60-rectangular-desk-shell-autumn-walnut/product_2637927,brown/wood,engineered wood,,0.4573487031700288
W_W118039815,Furniture > Desks > Office Desks > Table,Furniture > Desks,0.7615894039735099,53.439849624060145,0.5573308270676691,0.5,0.7686507701873779,0.6,5,70.11904907226562,8.325309025230004,0.6,7,0.354178674351585,True,S_dc2904660eff,False,,TRADE-UP,Approve,False,"Furniture > Desks > Office Desks > Table :: price_band=$1,000+",1,0.6148781245448747,Vintage Solid Wood Desk with 3 Drawers and Turned Legs,2949.99,https://www.wayfair.com/shop-product-type/pdp/canora-grey-vintage-solid-wood-desk-with-3-drawers-and-turned-legs-w118039815.html?piid=439079899,Canora Grey,True,False,beige/cream,wood,mid-century,0.8703170028818443,,S_dc2904660eff,"Safco Mirella SOHO 48""W Table Desk, Sand Dune (5511SDD)",295.19,https://www.staples.com/safco-mirella-soho-48-w-table-desk-sand-dune-5511sdd/product_24541792,brown/wood,engineered wood,contemporary,0.5161383285302593
W_CZYN1385,Furniture > Desks > Office Desks > Table,Furniture > Desks,0.0,43.79699248120301,0.3966165413533835,0.5,0.7556175589561462,0.8,5,77.33705139160156,2.766282266290911,0.5,15,0.2815561959654179,True,S_322a65ee9a54,False,,TRADE-UP,Approve,False,"Furniture > Desks > Office Desks > Table :: price_band=$1,000+",2,0.5844851750290017,Walnut Rectangular Solid Wood desks,1599.99,https://www.wayfair.com/shop-product-type/pdp/cozynest-walnut-rectangular-solid-wood-desks-czyn1385.html?piid=108224951,Cozynest,False,False,brown/wood,wood,scandinavian,0.9057636887608069,,S_322a65ee9a54,"HON Mod 66""W Desk Shell, Java Oak (HLPLDS6630.LJA1)",271.99,https://www.staples.com/hon-mod-66-desk-shell-java-oak-hlplds6630-lja1/product_24484843,brown/wood,engineered wood,contemporary,0.624207492795389
W_W117870802,Furniture > Desks > Office Desks > Table,Furniture > Desks,0.1841359773371105,51.578947368421055,0.5263157894736842,0.5,0.7729266285896301,0.6,5,70.37559509277344,3.960012744941851,0.5333333333333334,15,0.07867435158501435,True,S_109c2512e137,False,,TRADE-UP,Approve,False,"Furniture > Desks > Office Desks > Table :: price_band=$1,000+",3,0.5859168080431584,Modern minimalist solid wood desk,1739.99,https://www.wayfair.com/shop-product-type/pdp/wrought-studio-modern-minimalist-solid-wood-desk-w117870802.html?piid=2099158265,Wrought Studio,True,False,brown/wood,wood,minimalist,0.7126801152737752,,S_109c2512e137,"HON Mod 72"" Desk Shell, Sepia Walnut (HLPLDS7236B.LSE1)",420.49,https://www.staples.com/hon-mod-72-desk-shell-sepia-walnut-hlplds7236b-lse1/product_24484767,brown/wood,engineered wood,contemporary,0.6340057636887608
W_CLJM1112,Furniture > Desks > Sit & Stand Desks,Furniture > Desks,0.48237059264816207,39.06015037593985,0.2518796992481203,0.5986842105263158,0.7717957496643066,0.6,5,70.30774688720703,1.344465507737399,0.5,7,-0.07118155619596545,False,S_6e4d61a5b7a6,False,,STYLE-EXTENSION,Approve,False,Furniture > Desks > Sit & Stand Desks :: price_band=$600+,1,0.6049528410592753,"COLAMY VERSE 60"" Electric Height Adjustable Standing Desk with Storage Cabinet, 3 Drawers, Dual Motor and Memory Presets",1000.0,https://www.wayfair.com/pdp/-id-QC99286647.html,Colamy Home,False,False,,metal,traditional,0.8170028818443804,,S_6e4d61a5b7a6,"Mount-It! Electric Standing Desk Converter with Dual Monitor Mount, White (MI-7952WHT)",449.99,https://www.staples.com/mount-it-electric-standing-desk-converter-with-dual-monitor-mount-white-mi-7952wht/product_24780805,white,engineered wood,contemporary,0.8881844380403459
W_W118387785,Furniture > Desks > Sit & Stand Desks,Furniture > Desks,0.0,60.6015037593985,0.6766917293233082,0.5,0.7940005660057068,0.6666666666666666,6,74.30670166015625,3.1250265628320353,0.5,15,0.10547550432276653,False,S_1e77e5853438,False,,STYLE-EXTENSION,Approve,False,Furniture > Desks > Sit & Stand Desks :: price_band=$600+,2,0.6030602060924002,Modern Luxury Leather Dual-Motor Electric Height-Adjustable Desk (With Drawer Cabinet) – 3 Desktop Options Available,2499.99,https://www.wayfair.com/shop-product-type/pdp/wrought-studio-modern-luxury-leather-dual-motor-electric-height-adjustable-desk-with-drawer-cabinet-3-desktop-options-available-w118387785.html?piid=1502721281,Wrought Studio,True,False,white,leather,modern,0.9025936599423631,,S_1e77e5853438,"LifeFlo Ergonomics Height Adjustable Desk, 60"" W x 30"" D x 1 1/8"" Thick, White (LFO-6030-E2-WH)",1213.99,https://www.staples.com/lifeflo-ergonomics-height-adjustable-desk-60-w-x-30-d-x-1-1-8-thick-white-lfo-6030-e2-wh/product_24294681,white,,contemporary,0.7971181556195965
W_QC99286647,Furniture > Desks > Sit & Stand Desks,Furniture > Desks,0.48237059264816207,39.06015037593985,0.2518796992481203,0.5986842105263158,0.771796464920044,0.6,5,70.30779266357422,1.344465507737399,0.5,7,-0.07118155619596545,False,S_6e4d61a5b7a6,False,,STYLE-EXTENSION,Approve,False,Furniture > Desks > Sit & Stand Desks :: price_band=$600+,3,0.6049526121774393,"COLAMY VERSE 60"" Electric Height Adjustable Standing Desk with Storage Cabinet, 3 Drawers, Dual Motor and Memory Presets",1000.0,https://www.wayfair.com/pdp/-id-QC99286647.html,Colamy Home,False,False,,metal,traditional,0.8170028818443804,,S_6e4d61a5b7a6,"Mount-It! Electric Standing Desk Converter with Dual Monitor Mount, White (MI-7952WHT)",449.99,https://www.staples.com/mount-it-electric-standing-desk-converter-with-dual-monitor-mount-white-mi-7952wht/product_24780805,white,engineered wood,contemporary,0.8881844380403459
